reviewer,co-reviewer,app,id,title,comment,rating,reviewer,fee,date,version,data source,is_userExperience,is_bugReport,is_newFeatureRequest,is_Rating
GR,NCH,Dropbox,3282354146,Sharing,The last update stated when sharing a document it DB will send the file and a link. IT DOES NOT SEND THE FILE. Just a link as usual.,2,frankster222,free,NA,NA,npm app-store-scraper,1,1,0,0
GR,NCH,Dropbox,3286679419,WORST APP I HAVE EVER SEEN!!!!!!!!!,DO NOT EVER GET THIS APP!!! I  WAS JUST TRING TO WATCH A VIDEO SOMEONE SENT ME AND ALL IT DID WAS MAKE ME PAY!!!!!!!!,1,chfhghufhfucucbc,free,NA,NA,npm app-store-scraper,0,0,0,1
GR,NCH,Dropbox,3200269799,READ!!!!!!,It‚Äôs a great app and lets me save allot of things but it would even be more helpful if you guys could add a feature where we can customize the photos of each file. Just to give it a extra touch. Just saying small details matter!!,5,Just a guy with a thought :),free,NA,NA,npm app-store-scraper,0,0,1,1
GR,NCH,Dropbox,2395607384,DropBox API,"Dropbox API app console to increase your apps user limit. 
Would like to Link my app to a Could Music Box but can Not",3,sueannrobinson,free,NA,NA,npm app-store-scraper,0,0,1,0
GR,NCH,Dropbox,3255086673,Becoming less useful,"The app increasingly fails to preview some ascii text files, .jpg and PDF documents. As I use the app to show projects to team members, this is becoming a major headache.",2,ChurchOrganist,free,NA,NA,npm app-store-scraper,0,1,0,0
GR,NCH,Dropbox,2842556532,102.2 Version. Closed Automatically,"Update does not work! It will close automatically.
Erase the App and reinstall.... does not work!",3,Mfridzon,free,NA,NA,npm app-store-scraper,0,1,0,0
GR,NCH,Dropbox,3298746030,Troubles,"So I‚Äôve used Dropbox for a year or two. Been a great app. Unfortunately the last two weeks maybe less I‚Äôve had issues with media. If I have an MP3 file, I can‚Äôt listen to it. Or I‚Äôll have to reset the app multiple times to even play it. The app crashes a lot. As of now it‚Äôs barely usable. I hope the Devs see this and look into it. It‚Äôs not my device or connection as all of my files are offline compatible. Hopefully they fix it so I can bump it back up to a 5 star. Love Dropbox",1,MafiaAlex,free,NA,NA,npm app-store-scraper,1,1,0,1
GR,NCH,Dropbox,3229571646,Still forces you to create links when sharing.,"Latest update sends the actual file when exporting(thank you!) but still insists on creating a link to the file and putting that URL in the export too.

Seems very sloppy to have all of these links created when you simply want to attach a file to an email, for example. Feels like a security weakness for Dropbox.

I get that you want to share the Dropbox.com link for brand and lock-in reasons but sometimes this isn‚Äôt the best option.",2,JasonTM1,free,NA,NA,npm app-store-scraper,1,0,0,0
GR,NCH,Dropbox,3250601456,Long Time User Now Very Upset,I have the most updated version of the app. I just spent hours (yes HOURS) scanning documents for work and the app just crashed while saving. Everything I scanned is gone. I‚Äôll be starting over with Google Drive. This is unacceptable.,1,kolgreat,free,NA,NA,npm app-store-scraper,1,1,0,0
GR,NCH,Dropbox,2458995951,Refund,I did not want to be charged for the service and the app did not specify how and when I need to delete/cancel my service,2,Bb. iight,free,NA,NA,npm app-store-scraper,0,0,0,0
GR,NCH,Dropbox,3282354146,Sharing,The last update stated when sharing a document it DB will send the file and a link. IT DOES NOT SEND THE FILE. Just a link as usual.,2,frankster222,free,NA,NA,npm app-store-scraper,1,1,0,0
GR,NCH,Dropbox,2309927531,Google sign In,Every time I sign out with google and sign in it signs me into my same account I‚Äôm trying to aim into a different one but won‚Äôt let me,1,Hjbkkv,free,NA,NA,npm app-store-scraper,0,1,0,0
GR,NCH,Dropbox,2992389151,Background upload,"The whole point of camera upload in the background is to not have to constantly open the app and get it to start uploading. Extremely annoying, having to remember to open the app just to upload my recent photos",1,Asydia,free,NA,NA,npm app-store-scraper,1,0,0,0
GR,NCH,Dropbox,2844187259,Limit,Your limit on the amount of media being stored for free is not good at all,5,CmasterY,free,NA,NA,npm app-store-scraper,0,0,0,1
GR,NCH,Dropbox,3268500537,"Great app, need to clear cache","I use Dropbox almost daily, but without a way to clear the cache, it constantly chews up my storage on my iphone. There needs to be a way to clear the cache without uninstalling and reinstalling and signing back in. 

This needs to be the primary focus of app developers.",4,CaptMikey73,free,NA,NA,npm app-store-scraper,0,0,1,0
GR,NCH,Dropbox,3310574140,Wow!,"Awesome app, love it!",5,odog1,free,NA,NA,npm app-store-scraper,0,0,0,1
GR,NCH,Dropbox,2392916768,Okay app,Mine also tends to show many missing dates and also doesn‚Äôt delete photos properly the first time!,3,Gilfromtx,free,NA,NA,npm app-store-scraper,0,1,0,1
GR,NCH,Dropbox,3207447452,Zero support or instructions on how to get started,"I took the 30 day free trial with DropBox plus i think it‚Äôs called where id get 1 tb if storage but I cant find how to get started. The app isn‚Äôt even showing up on my screen but when i go to the app store it says i have it.  I‚Äôm canceling be because i cant even find it.  Too bad, i wanted to move away from Google Photos where everything stays locked up so bad that none of my photos or vids can be viewed or downloaded.
Is there a company like this that actually works somewhere?",1,RockNRowBoat,free,NA,NA,npm app-store-scraper,1,0,0,1
GR,NCH,Dropbox,2419012516,Can‚Äôt save a file to photos anymore,"You can‚Äôt download or export a file to your photos app on iPhone.  The only way to do it is use another app and then download it to photos. Pretty useless at that point if you have to use a second app to send a file to someone.  You can share access to the file but it confuses the person you send it to them they can‚Äôt download either.  
Was a good app but now useless for my needs.  Will find a more user friendly app.",1,gdp1320,free,NA,NA,npm app-store-scraper,1,0,0,0
GR,NCH,Dropbox,2679315837,My favorite app!,I use Dropbox for all of my recipes. I have it on all my devices. At the grocery store and need ingredients for one of my recipes? I got it on my phone!!!! Many of my friends use this app to share recipes. It is also interactive with other apps. This is my favorite third part app!!!,5,Gammy na,free,NA,NA,npm app-store-scraper,1,0,0,1
GR,NCH,Dropbox,3064346372,TRASH,I SAVED PICTURES OF MY FAMILY MEMBERS AND ME ON THIS APP AND WHEN I LOGGED BACK IN LATER ON NONE OF THE PICTURES WERE THERE..SO I DO NOT RECOMMEND THIS APP AT ALL,1,Anonymus1234566,free,NA,NA,npm app-store-scraper,1,1,0,1
GR,NCH,Dropbox,2381108831,Best cloud storage - hands down!!,"After using google drive, box, iCloud, OneDrive, this is by far the most elegant cloud storage available.  90% of businesses shouldn‚Äôt even consider local on prem file sharing servers.  With full Compliance, data integrity, back up, disaster recovery, permissions, ease of use, and your data wherever and whenever you need it... off any platform... nothing more to ask for!! Thank the you for years of continued storage across all my computers and devices.  I do miss carousel!!",5,macmaven234,free,NA,NA,npm app-store-scraper,0,0,0,1
GR,NCH,Dropbox,2627960341,WHY REDUCE THE SPACE,"iCloud, OneDrive and other cloud storages give more space but you choose to reduce the space from 5GB to 2GB. Worst service strategy EVER!!!!!!",1,Bibini kw√¶si,free,NA,NA,npm app-store-scraper,1,0,0,1
GR,NCH,Dropbox,2450655690,Great at syncing bad at organizing.,"The biggest problem within the app for me is the sort by ‚Äúmodified date‚Äù especially for photos. The sorting is neither done by the date the photos were uploaded to dropbox or the date the photos were taken or modified. Basically if I want a photo that I uploaded from my camera roll a week ago i would not find it easily, because dropbox is confused, sometimes it would by the date uploaded or the date taken(like in iPhone camera roll). Anyway, it is confusing.",3,Ald7mi2007,free,NA,NA,npm app-store-scraper,1,0,0,0
GR,NCH,Dropbox,3020596111,Why?,"This app does not show all of the files and folders as the app on my Win10 desktop.

Why?

Still waiting for reply! Aug 5, 2018",1,jeighcee,free,NA,NA,npm app-store-scraper,0,1,0,0
GR,NCH,Dropbox,2909177031,Review,"The AI has deteriorated to the point that the uses has to guess the German gender of a word 
If you guess wrong no recourse the a few frames later same clue and same answers but previous answers wrong because they wanted the other gender. 
 To me the crowns XP and gems do nothing and are useless. I will not use gems to buy health as this bypasses the learning in practice. The old habit of using practice to introduce new words or concepts continues. 
I tried using groups only to discover spent time getting right answer to get more XP‚Äòs again bypassing learning. So dropped that. 

The apps AI used to allow for spelling errors but that feature has been lost. The practice section is useful but this section has a huge amount of repetition, which is a time waste to get a health. 
I have compared answers given in app with other translators and don‚Äôt get the apps results. I have used other translators results in app sometimes getting a correct sometimes getting a false. Therefore, not sure how much to trust the app and/or the other translator. Still sorting this issue out to determine trustworthiness of app or should it be dropped. 
For reference I only use the app with aids, not sure spending money for aid free buys me anything.",3,big-prof,free,NA,NA,npm app-store-scraper,1,0,0,0
GR,NCH,Dropbox,2689428423,Does not Save to designated Folder,"Can‚Äôt find docs in the Folder I moved them to. 
No ability to rename PDFs, eg, 1254ZXC-298-DRMKL-667 is a typical example of how some files are saved as, which makes the Search option irrelevant!!
Please improve.",1,beangroovy2,free,NA,NA,npm app-store-scraper,1,1,0,0
GR,NCH,Dropbox,2667014425,Cannot ever cancel!,"I declined my renewal offers 10x, then went into app store and cancelled my subscription. YET i continue to be billed!  6 months later.  With no response.
DONT TRY ‚ÄòFREE‚Äô TRIAL!",1,mdwils,free,NA,NA,npm app-store-scraper,0,1,0,0
GR,NCH,Dropbox,3280381029,Never works for me,"Every time I try to use this app, it tells me to download it and sends me to the App Store, even though I already have it downloaded on my phone. I‚Äôve only been able to successfully use it a couple times.",1,alycewandering,free,NA,NA,npm app-store-scraper,0,1,0,0
GR,NCH,Dropbox,2564563112,Horrible,"I've used Dropbox for years and loved it but for some reason they've changed something majorly and it's horrible. I've texted and emailed and gotten no answer....i used to be able to see my files when i was on the road from any of my devices, they used to sync nicely
Now nothing syncs, plus a feature i loved veggie was being able to edit or add something to a file, no more :(
If anyone has a clue on getting these two features to work again, I'd love to hear it. I'm a realtor and need to see and work on my files enroute without having to drag my pc everywhere",1,LindaF520,free,NA,NA,npm app-store-scraper,1,1,0,0
GR,NCH,Dropbox,2684844516,Am confused,"I am not literate on a computer, and you make all these changes and I do not understand what is going on, so do not avail myself of all the things that can be done.    You really should have some simple way of explaining the changes you make and how to benefit from them",2,Coral cake,free,NA,NA,npm app-store-scraper,1,0,0,0
GR,NCH,Dropbox,2668129736,Excellent,I have been a Dropbox user for many years. Many excellent features. One is the multiple backups to a file. That saved a very important file that crashed. Went to the file on Dropbox chose the backup prior to crash and was restored. Saved a panic attack.,5,plcman1914,free,NA,NA,npm app-store-scraper,1,0,0,1
GR,NCH,Dropbox,2689428423,Does not Save to designated Folder,"Can‚Äôt find docs in the Folder I moved them to. 
No ability to rename PDFs, eg, 1254ZXC-298-DRMKL-667 is a typical example of how some files are saved as, which makes the Search option irrelevant!!
Please improve.",1,beangroovy2,free,NA,NA,npm app-store-scraper,1,1,0,0
GR,NCH,Dropbox,3176056649,Unsubscribe,"Like the previous reviewer,I only wanted Dropbox for the small amount of free coverage   I have not used ANY service to my knowledge but I am charged $9:99 every month  I am 76 years old I want you off my iPhone and off my charge card.",1,Dropyou,free,NA,NA,npm app-store-scraper,1,1,0,0
GR,NCH,Dropbox,2247503622,cannot perform the most basic functions,"Such as: 
If you create a folder within a folder you CANNOT move a file from the general folder you‚Äôve created (eg: ‚ÄúBaseball‚Äù) to the new sub folder (eg: ‚ÄúMets‚Äù).
 Pathetic!

I gave it 2 stars because you can create folders, store files in them, share files or folders via links, etc. But this is 2018 folks. No sub folder utility? 
Ten minutes of typing for a coder?",2,smhcine,free,NA,NA,npm app-store-scraper,1,0,1,0
GR,NCH,Dropbox,2242635773,Horrible!!,"I accidently hit synch from iPhone and unable to stop synching ALL of my downloads and personal photos. 

There is NO way to stop the synching. I have spent hours trying to find the solution.",1,Oceanbaaby,free,NA,NA,npm app-store-scraper,1,0,0,0
GR,NCH,Dropbox,2300670964,I waited for years....,"Dear Dropbox, 

You made me wait an hour just to tell me that my files were not uploading because i had no storage. I hate you now. 

Sincerely, Everyone.",1,hank summers,free,NA,NA,npm app-store-scraper,1,0,0,0
GR,NCH,Dropbox,2533308017,Destroys Live Photos silently,"If you use Dropbox to backup your photos, you‚Äôre losing Live Photos. I lost all the movements of my new born and thank god I was using Google Photos in parallel, so I recovered some of them there. More recently Dropbox free refused to backup my photos unless I signed up for a paid plan even though I referred 10+ customers over 10 years. So I have decided to become a paid customer ‚Äî of Google Drive.",1,Sfpirate,free,NA,NA,npm app-store-scraper,1,1,0,0
GR,NCH,Dropbox,2878440917,.xml files show raw code - no longer preview correctly,".xml files show raw code - no longer preview correctly

recent update broke viewing .xml files
website and app show raw code

will change my rating when this is fixed",1,psykken,free,NA,NA,npm app-store-scraper,1,1,0,0
GR,NCH,Dropbox,2668129736,Excellent,I have been a Dropbox user for many years. Many excellent features. One is the multiple backups to a file. That saved a very important file that crashed. Went to the file on Dropbox chose the backup prior to crash and was restored. Saved a panic attack.,5,plcman1914,free,NA,NA,npm app-store-scraper,1,0,0,1
GR,NCH,Dropbox,2992389151,Background upload,"The whole point of camera upload in the background is to not have to constantly open the app and get it to start uploading. Extremely annoying, having to remember to open the app just to upload my recent photos",1,Asydia,free,NA,NA,npm app-store-scraper,1,0,0,0
GR,NCH,Dropbox,3276315505,Be Careful with the Free trial,"Be careful with the free trial, once you put your credit card information they will charge you even if you cancel it early. I did cancel it like 5 days earlier from the trial expiration day and they still charged me.",1,KCstone03,free,NA,NA,npm app-store-scraper,1,1,0,0
GR,NCH,Dropbox,2557498918,Poor Support,"I have to rate you low to get your attention.

- I‚Äôve been hacked, home computer compromised, all accounts accessed. Hacks utilize java, hidden xml code in file names as an 

extra extension on file names i.e. 
Normal - vs. - Corrupted  
journal.doc - vs. - journal.doc.date

App appears to be sudo secure, but my dropbox once had documents. They cleaned them out, and I bet they did bypassing your security. They have the GOD Network Admin for pushing out windows updates. You‚Äôll see, if you notice at all, java update lower right corner of your screen. there is some sort of java exploit and everything is vulnerable allowing Java.

Speaking of which; I am amazed and bewildered that company‚Äôs put so much money, time, and effort... into building a robust superior application, yet provide inferior support from the app. A simple tagline in users account of the app ‚ÄúNeed Support, Report A Bug? Click here‚Äù 

BTW Your website is Java coded which I have block on this iPhone, thus not able to contact you through standard procedures.

SO MY QUESTION TO TECHNICAL SUPPORT;
- If I did not delete documents from my account.
- Dropbox did not delete documents from my account.
Q: WHERE DID MY DOCUMENTS GO?
Q: WHY COULDN‚ÄôT YOU DETECT THE COMPROMISE?
Q: ARE MY DOCUMENTS RETRIEVABLE ON ANY SORT OF BACKUP?
-? Is there a report showing that their was once documents their??
Feel free to contact me: seattle area code 7158950.",1,LeonHambrook,free,NA,NA,npm app-store-scraper,0,0,0,1
GR,NCH,Dropbox,2424642886,Forced to download app to view photos,I couldn‚Äôt view an album shared with me on my phone without being forced to download the app. 1 star rating until this abhorrent business practice is stopped.,1,Andreww009,free,NA,NA,npm app-store-scraper,0,0,0,0
GR,NCH,Dropbox,2839888942,Dropbox app,Invaluable communication tool! Very fast for how much it‚Äôs loading!,5,DancenetTV,free,NA,NA,npm app-store-scraper,0,0,0,1
GR,NCH,Dropbox,3167997358,Please refund my card!,I agree with the previous poster. I also noticed a charge for this app that I actually don‚Äôt use. I have tried several times to get in contact with this company to be refunded and have had zero success.,1,Arose fairy,free,NA,NA,npm app-store-scraper,1,1,0,0
GR,NCH,Dropbox,3313214870,Freezes,"I have loved this app since the beginning. 
But since the last few updates, it is constantly freezing on iPhone. 
I have 40 files that refute upload. 
They need to fix this.",2,KillerKane0861,free,NA,NA,npm app-store-scraper,0,1,0,1
GR,NCH,Dropbox,2770451950,Help!,"I‚Äôm unable to open, download, and/or print files.",1,Dwetha69,free,NA,NA,npm app-store-scraper,0,1,0,0
GR,NCH,Dropbox,2496894835,Pretty good!,"Overall it‚Äôs a well made app, perfect for moving files between devices. I don‚Äôt use it very often, but when I do it‚Äôs handy. Personally I wouldn‚Äôt recommend the paid version, but besides that, very well made and easy to use!",4,009milo,free,NA,NA,npm app-store-scraper,0,0,0,1
GR,NCH,Dropbox,3272012660,Trying to cancel subscription but can‚Äôt,It suggests that I should be able to cancel my subscription by using App Store...App Store shows I‚Äôm subscribed but doesn‚Äôt offer a way to unsubscribe.  It was very easy to subscribe...why so difficult to unsubscribe????  Please help!,1,So-so is all,free,NA,NA,npm app-store-scraper,1,1,0,0
GR,NCH,Dropbox,2565078415,great,great,5,kafranklin,free,NA,NA,npm app-store-scraper,0,0,0,1
GR,NCH,Dropbox,2427709069,Storage,I used Dropbox for years. Basically ever since 2012-2013. You guys gave me 50gb when I invited others and connected Dropbox to my laptop. How could you take away all my storage. That‚Äôs so messed up.,3,Pinoy hipster,free,NA,NA,npm app-store-scraper,1,0,1,0
GR,NCH,Dropbox,2353885970,Not compatible with files app,"Having to go inside a folder and make each individual file offline is a bit cumbersome when I need the entire folder to be off-line. I would like the ability to make an entire folder off-line.

3-27-18

I‚Äôm not able to drag and drop from the files app on my iPad Pro 12.9‚Äù which has all of my relevant documents into Dropbox. Instead I have to go through the cumbersome task of going to my laptop and dragging manually which is not always on me. Please fix this..

( the dropbox app is not compatible with the native files app from Apple. When I go into files it states that I can‚Äôt access my data because of the passcode lock... )",1,Parriejames,free,NA,NA,npm app-store-scraper,1,0,1,0
GR,NCH,Dropbox,3313214870,Freezes,"I have loved this app since the beginning. 
But since the last few updates, it is constantly freezing on iPhone. 
I have 40 files that refute upload. 
They need to fix this.",2,KillerKane0861,free,NA,NA,npm app-store-scraper,0,1,0,1
GR,NCH,Dropbox,2319102699,Not working properly,After selecting an image to view I can't go back to menu/folders etc. Have to close app to close image view.,1,Icy flower,free,NA,NA,npm app-store-scraper,0,1,0,0
GR,NCH,Dropbox,2975061757,Did something change in the past 2 weeks?!,"I looked up Dropbox and the only reason I installed it (on my iPad) was so I could have a very little bit of space for the brushes I was going to upload to Procreate. Not much space at all. That was an option I could choose and not pay anything for it. I would NEVER have downloaded the app if I was going to be charged at any time. I *don‚Äôt* do subscriptions. I knew the amount of space was really small, but so was the amount my brushes needed. I then see $99 on my credit card statement! I knew the amount seemed odd. I see people reviewing it saying $75 is too much...NONE of this was on there before I downloaded it. I looked at everything. I chose to use the free version that had very limited options. It did not say this was a trial and would change. I don‚Äôt want this and I would really appreciate it if you would refund that $99. I don‚Äôt buy apps or subscriptions like that for a reason! What‚Äôs written now is different than when I downloaded the app. Again, I never would have downloaded it. Please, please refund my money!",1,35madscientist,free,NA,NA,npm app-store-scraper,1,1,0,0
GR,NCH,Dropbox,2419387893,Photo moving,I tried to move photos from my Dropbox to my iPhone and unfortunately I was only able to do so by selecting photos individually instead of selecting groups of photos. I recommend this single selection NOT be a thing for the next update.,2,Tink-95,free,NA,NA,npm app-store-scraper,1,0,1,0
GR,NCH,Dropbox,3151535503,Can‚Äôt save files anymore,"I use Dropbox almost everyday but for the last couple of weeks I haven‚Äôt been able to save any files to my phone ‚òπÔ∏è other than that and fact you can share a file unless the other person has a Dropbox, this app is great.",4,Cvsey_,free,NA,NA,npm app-store-scraper,0,1,0,1
GR,NCH,Dropbox,3244583439,Update causes crash,What‚Äôs going on with the new update!? It‚Äôs crashing every time I use it. It‚Äôs the most frustrating thing because this is such an important tool for me. You‚Äôve been so good Dropbox! Why now? Why ya gotta burn me like this?,1,Matthew Takes,free,NA,NA,npm app-store-scraper,0,1,0,0
GR,NCH,Dropbox,2564563112,Horrible,"I've used Dropbox for years and loved it but for some reason they've changed something majorly and it's horrible. I've texted and emailed and gotten no answer....i used to be able to see my files when i was on the road from any of my devices, they used to sync nicely
Now nothing syncs, plus a feature i loved veggie was being able to edit or add something to a file, no more :(
If anyone has a clue on getting these two features to work again, I'd love to hear it. I'm a realtor and need to see and work on my files enroute without having to drag my pc everywhere",1,LindaF520,free,NA,NA,npm app-store-scraper,1,1,0,0
GR,NCH,Dropbox,3331728527,Children Doing The Quality Control,"Most of my files are missing... no indication of them being updated or syncing or a data wheel turning... just says folder is empty.... been waiting four hours now no files... is quality control just an out dated concept?  Where are my files?

Update: now photo uploads stall after 2 photos. Rebooting the phone gives the ability to load 2 more before stalling again",1,Joliver332,free,NA,NA,npm app-store-scraper,0,1,0,0
GR,NCH,Dropbox,2492780872,Not user friendly- hard to use with other apps,"I cannot figure out how to take pictures from here and put on Instagram. You would have to save to camera roll first. It‚Äôs just not user friendly. I only use this app when other people send me pictures this way. Otherwise, I find it very limiting.",2,Cmlohnes,free,NA,NA,npm app-store-scraper,1,0,0,0
GR,NCH,Dropbox,2501293583,Folder FIAL,What did you do?? The entire planet organizes data hierarchical but you decide to just load recents and years?? FIAL! Fail wicked haahd. Bring back my folder structure like Apple and OneDrive do.,2,Rob4G1,free,NA,NA,npm app-store-scraper,1,0,1,0
GR,NCH,Dropbox,2770451950,Help!,"I‚Äôm unable to open, download, and/or print files.",1,Dwetha69,free,NA,NA,npm app-store-scraper,0,1,0,0
GR,NCH,Dropbox,2595437193,No thanks Google,I deleted google from all my devices. Politarian BS. They squelch conservative values in place of communist ideals. Later! Dweebs,1,Eric mercer,free,NA,NA,npm app-store-scraper,0,0,0,0
GR,NCH,Dropbox,2975061757,Did something change in the past 2 weeks?!,"I looked up Dropbox and the only reason I installed it (on my iPad) was so I could have a very little bit of space for the brushes I was going to upload to Procreate. Not much space at all. That was an option I could choose and not pay anything for it. I would NEVER have downloaded the app if I was going to be charged at any time. I *don‚Äôt* do subscriptions. I knew the amount of space was really small, but so was the amount my brushes needed. I then see $99 on my credit card statement! I knew the amount seemed odd. I see people reviewing it saying $75 is too much...NONE of this was on there before I downloaded it. I looked at everything. I chose to use the free version that had very limited options. It did not say this was a trial and would change. I don‚Äôt want this and I would really appreciate it if you would refund that $99. I don‚Äôt buy apps or subscriptions like that for a reason! What‚Äôs written now is different than when I downloaded the app. Again, I never would have downloaded it. Please, please refund my money!",1,35madscientist,free,NA,NA,npm app-store-scraper,1,1,0,0
GR,NCH,Dropbox,2231116119,Can‚Äôt export multiple documents at once,"Title says it all‚Äîyou can‚Äôt even export folders so if it weren‚Äôt for another app all you could do is go in and export each thing individually‚Äîif you have hundreds of things in your Dropbox, then I guess you‚Äôre just f$&%ed",1,Paulo719,free,NA,NA,npm app-store-scraper,1,0,0,0
GR,NCH,Dropbox,3299586917,Stop,Just get google photos.,1,yeonsooz94,free,NA,NA,npm app-store-scraper,0,0,0,1
GR,NCH,Dropbox,2926212582,Crappy,This app is horrible why you got to pay to use this app like that make no sense so just saying wow why you gotta pay to use this app!,1,bsadar,free,NA,NA,npm app-store-scraper,0,0,0,1
GR,NCH,Dropbox,3005589499,Why does background back up need my location and why doesn‚Äôt it save live photos as live,This app would be perfect if the background sync didn‚Äôt inexplicably need to track my location to work (which I refuse to allow on principle) and if it could automatically save live photos with their corresponding video files.,4,MMdMarkham,free,NA,NA,npm app-store-scraper,1,0,0,0
GR,NCH,Dropbox,3013396045,Nice!! But...,I love the app so much. Especially the creating a doc with a picture. But can there be a way to convert or share a file into the app files iOS?,4,Zhhwjdbbfbsjdvfnjs djdjssnd,free,NA,NA,npm app-store-scraper,1,0,1,1
GR,NCH,Dropbox,3207053489,A suggestion,"Hey guys
I have seen a bug in chrome, when I want to save a pdf file from chrome to Dropbox, i can't save it in my Dropbox folder unless I email it someone, please make it optional to save or send by email, sending an email is a must to save the file in Dropbox folder.",4,fa_daniel,free,NA,NA,npm app-store-scraper,0,1,1,0
GR,NCH,Dropbox,3218137346,No support/Tried to charge for a cancelled subscription,"BEWARE!  I cancelled my trial, the App Store tried to charge me a week before trial was up, then continued trying to charge me,fortunately I had removed my credit card before that because App Store said my valid card wasn‚Äôt valid, obvious App Store problem.  Way to go Apple! 

Dropbox sends emails you can‚Äôt reply to, and there is no way to contact them thru app or website, I‚Äôd rate ZERO stars if I could, how are users supposed to get support? Reading other reviews, apparently there is none, that‚Äôs a major FAIL!!!

I suppose the app works ok if you have access to high speed internet or work with tiny files, but if you don‚Äôt or are limited to a cell connection it‚Äôs pointless if working with large video files.",1,Xvd68,free,NA,NA,npm app-store-scraper,1,1,0,0
GR,NCH,Dropbox,2549910387,Makes me have too much of a headache,"The apps one purpose is to be used as storage and it dosent even get stored no help if what it less help more of a pain in the back this is the first app I have rated and this app deserves a bad rating the people who read the ratings first before downloading are smart.

This app overall is just a waste of time good ratings are people who havent found the good apps yet.",1,idhd83,free,NA,NA,npm app-store-scraper,0,0,0,1
GR,NCH,Dropbox,2512773742,Terrible service. Deleted all of my family photos without permission.,Wish I could go back in time and never uploaded my family photos thinking they would be safe.,1,Chipgau,free,NA,NA,npm app-store-scraper,0,0,0,1
GR,NCH,Dropbox,2354450863,App,Love that I can access all my files from any of my devices and mac computer,5,Mytun3s,free,NA,NA,npm app-store-scraper,1,0,0,0
GR,NCH,Dropbox,2500065959,Deleted files access via app,I have an iPhone 5s. The version of your app on my phone does not allow for the deleted files to be viewed. If it weren't for this I would give the app five stars.,4,JWOss,free,NA,NA,npm app-store-scraper,1,0,0,0
GR,NCH,Dropbox,2646414337,Useful but not cheap,It's l like owning your own little piece of the Cloud. I set up my back up utility to make an automatic nightly back up of my important directories. So I have total peace of mind even if my house burns down! I wish I could get more storage for my money!,4,Jphil23,free,NA,NA,npm app-store-scraper,0,0,0,1
GR,NCH,Dropbox,2309927531,Google sign In,Every time I sign out with google and sign in it signs me into my same account I‚Äôm trying to aim into a different one but won‚Äôt let me,1,Hjbkkv,free,NA,NA,npm app-store-scraper,0,1,0,0
GR,NCH,Dropbox,2438306028,Horrible Update,Updated drop box a moment ago and nowhere did it say it would take the auto camera roll upland. Now you either have to upgrade by paying for a subscription or connect to your computer. The point of downloading the app was the convenience of being able to upload and back to my camera roll away from home.,1,lunamoon25,free,NA,NA,npm app-store-scraper,0,1,0,0
GR,NCH,Dropbox,3064346372,TRASH,I SAVED PICTURES OF MY FAMILY MEMBERS AND ME ON THIS APP AND WHEN I LOGGED BACK IN LATER ON NONE OF THE PICTURES WERE THERE..SO I DO NOT RECOMMEND THIS APP AT ALL,1,Anonymus1234566,free,NA,NA,npm app-store-scraper,1,1,0,1
GR,NCH,Dropbox,2960297012,Five stars for completely disappointing me!!,"I‚Äôve had this app for a while now. They promise to keep all your pictures safe ‚ÄúNO MATTER WHAT‚Äù which is all a lie! Let‚Äôs say u lose access  to the account for a bit so you are inactive with it. Well without them even asking for your permission, they decide to erase your account and all the pictures you saved with it!! I completely believed them like an idiot and deleted my pictures and gave it to them so they can ‚ÄúKEEP IT SAFE‚Äù and without even consulting me or thinking about the fact that I have important pictures and things I actually wanted them to keep safe, they just erase and pretend like nothing ever happened. I completely do not recommend this app!! PLEASE DO NOT DOWNLOAD IT!!! GET EVERALBUM OR EVEN GOOGLE PICTURES BUT DO NOT USE THIS!!!",5,keilaa.17,free,NA,NA,npm app-store-scraper,1,0,0,1
GR,NCH,Dropbox,2746991423,Great service,Excellent and efficient service,5,Rplight,free,NA,NA,npm app-store-scraper,0,0,0,1
GR,NCH,Dropbox,2918836340,Brushes x Dropbox does not work,Dropbox in the popular drawing app Brushes does not work and has not worked for over 6 months. Is Dropbox planning a fix?,1,.AM.,free,NA,NA,npm app-store-scraper,1,1,0,0
GR,NCH,Dropbox,2362277401,Worst Customer Service EVER,"I downloaded this app. Synced my notes from another note app into Dropbox. When I looked for my notes, all the titles of the notes are there. However, every folder is empty. I‚Äôve done everything I‚Äôve read to do, but still no notes. I wrote to the company asking for help. I have heard NOTHING back from them. I had some personal notes that I wanted to print, when my printer is fixed. Now it seems they are gone forever. I was using the free basic version. Maybe that‚Äôs why they don‚Äôt have time for my problem. Terrible app and terrible customer service - actually in my case - no customer service!!!",1,The Grammy of 5,free,NA,NA,npm app-store-scraper,1,1,0,0
GR,NCH,Dropbox,2505096827,Love the app,Use the app frequently on my iPhone.  Need an Apple Watch app!!,5,ousue,free,NA,NA,npm app-store-scraper,1,0,1,1
GR,NCH,Dropbox,3020596111,Why?,"This app does not show all of the files and folders as the app on my Win10 desktop.

Why?

Still waiting for reply! Aug 5, 2018",1,jeighcee,free,NA,NA,npm app-store-scraper,1,1,0,0
GR,NCH,Dropbox,2626875852,Horrid,This app on iPhone is just horrible not user friendly at all hard to add pics to folders and if you need to delete a lot of files at once  then clear out the rest of your day,1,Lew76,free,NA,NA,npm app-store-scraper,1,0,0,1
GR,NCH,Dropbox,3298746030,Troubles,"So I‚Äôve used Dropbox for a year or two. Been a great app. Unfortunately the last two weeks maybe less I‚Äôve had issues with media. If I have an MP3 file, I can‚Äôt listen to it. Or I‚Äôll have to reset the app multiple times to even play it. The app crashes a lot. As of now it‚Äôs barely usable. I hope the Devs see this and look into it. It‚Äôs not my device or connection as all of my files are offline compatible. Hopefully they fix it so I can bump it back up to a 5 star. Love Dropbox",1,MafiaAlex,free,NA,NA,npm app-store-scraper,1,1,0,1
GR,NCH,Dropbox,3189929236,Annoying,"It‚Äôs kinda cool to have personal files and everything but every time someone sends me a link for Dropbox it‚Äôs always telling me to sign in or get the app, even though I have it and haven‚Äôt signed out since I got it",3,Warfstache2020,free,NA,NA,npm app-store-scraper,1,0,0,1
GR,NCH,Dropbox,3245936218,"So awesome, so simple","It‚Äôs everything you would hope for. 

One request: please allow edited pics to be uploaded instead of original pics",5,MpowerSkills,free,NA,NA,npm app-store-scraper,0,0,1,1
GR,NCH,Dropbox,3002505730,Helpful,Helps me get the music for my teamüòù,5,Ideongamer,free,NA,NA,npm app-store-scraper,1,0,0,1
GR,NCH,Dropbox,3200269799,READ!!!!!!,It‚Äôs a great app and lets me save allot of things but it would even be more helpful if you guys could add a feature where we can customize the photos of each file. Just to give it a extra touch. Just saying small details matter!!,5,Just a guy with a thought :),free,NA,NA,npm app-store-scraper,1,0,1,1
GR,NCH,Dropbox,2356885278,Keynote Not working on Apple‚Äôs Files app,I just updated Keynote and I am not able to open my keynote files that are in Dropbox inside the Files app. I need to move them to iCloud Drive for them to work.,3,rosemariesanta,free,NA,NA,npm app-store-scraper,1,1,0,0
GR,NCH,Dropbox,2848488356,Love the app,Dropbox is a great app to store all memories in a safe place. You will enjoy the detail in each memory is saved in addition to allowing maximum space on your phone,5,Rastayouth83,free,NA,NA,npm app-store-scraper,0,0,0,1
GR,NCH,Dropbox,3288985464,Ugh.,"Was working great until some new app updates came along. Now the app freezes ALL the time. I have to go my desktop to get anything done. I‚Äôve restarted my phone, deleted, reinstall app, nothing so far....",1,Lavjames,free,NA,NA,npm app-store-scraper,0,1,0,0
GR,NCH,Dropbox,2306239519,2 fixes that are needed to get 5stars,"1.) You are not able to download multiple files at once. On WiFi or data service. This will save a ton of time. 

2.) when you download pictures at least to iPhone you have to crop or edit or make a change to them in order for the file to be recognized and be clear before uploading it. 

I would like this fixed because i actually pay for space. And since time is money a lot of my money(time) is being wasted downloading one by one or editing for files to be recognized.",3,Dayday104,free,NA,NA,npm app-store-scraper,0,0,1,0
GR,NCH,Dropbox,3104046602,Stolen funds,"I downloaded this app didn‚Äôt know it was a subscription. I seen the $99 from my account and immediately tried to cancel it. I never used it but was told I could not get refund for 11 months. This company is a Complete Deceptive. I don‚Äôt why the United States Attorney General have not filed a Class Action Sue Against it.  I will be looking into filing my own due for I am a Disabled Consumer....
THERE US NO WAY THIS CAN BE AN 4.8 RATINGS FOR A -99.99 APPLICATION....",1,Cranebabe,free,NA,NA,npm app-store-scraper,1,1,0,0
GR,NCH,Dropbox,2829924534,Frustrating,Like it because all my old pics are in it but haveing to verify 20 car\bus\sings images when u sing in is very frustrating,3,IsabellMomma,free,NA,NA,npm app-store-scraper,1,0,0,1
NCH,MV,TripAdvisor,3192124652,Plastic Surgery,"Dr Enrique Alejandro is so so good. I did a lot of research on surgeons in Guadalajara, or Dr Alejandro does most of his work, and compared his technique, his skills, and his training with the best surgeons in New York. My sister-in-law had had work done by Dr. uses the same technique and she looks amazing. I did my research and Dr Alejandro uses the latest under the muscle technique not used by many because they have not had the training. He takes his time and treated me as an individual piece of art, sculpting my face in a way that did not change the way I look but a younger version of myself. I don‚Äôt look like ‚Äú i‚Äôve had work done‚Äù. I‚Äôm just younger looking. The Elaen Center in Nuevo Vallarta Connect to the San Javier hospital is clean, the staff professional and caring. Not only that but he would contact me to check up on me, to have me come in for regular checks up without extra charge. He‚Äôs young, professional and takes immense pride in his work.",5,cherrydelo,free,NA,NA,npm app-store-scraper,0,0,0,0
NCH,MV,TripAdvisor,3169510012,First place I look at,"When going on vacation or to a different town we are always looking for the best reviews!  We are never disappointed and will turn around and write our reviews!  I think it is important to share the good, the bad and the ugly of all places!  It is our opinion of places so read it or not!",5,iphone6lover,free,NA,NA,npm app-store-scraper,0,0,0,1
NCH,MV,TripAdvisor,3081968031,Good but room for improvement,"I love this app. I literally use it everyday and we are on the road legit 280-300 days a year so I review from all around the world. It certainly helps me decide where to go/stay and hopefully I‚Äôm helping others as well with mine. That said. You do need to take a page out of yelps book where you can respond as sometimes you have management responses and if I‚Äôve forgotten a certain employee name that did great or not so I‚Äôd like the option to respond. Also, YOU NEED TO ALLOW US TO EDIT!!!  Sometimes the place you visit was positive/negative and you review. The next time is the opposite and I‚Äôd like to add to my review like yelp allows. Otherwise it‚Äôs a great app to help other travelers. Thank You",4,Top contributor,free,NA,NA,npm app-store-scraper,0,0,1,1
NCH,MV,TripAdvisor,3198278478,Trouble submitting reviews,"iPad 4, iOS 11.. app will not let me submit review, no error code only keeps asking me to agree to policy, when I click cancel, the app stalls.",3,Danyboy007,free,NA,NA,npm app-store-scraper,0,1,0,0
NCH,MV,TripAdvisor,3267092446,Good travel app,"I use it to organize different ideas for trips while I‚Äôm price shopping. I‚Äôm grateful for all the reviews because they help choose between multiple choices that may have recently had difficulties - rather than reading from reviews that are years old - before renovations, but outs, and staff turnover.",4,Reward Member,free,NA,NA,npm app-store-scraper,0,0,0,1
NCH,MV,TripAdvisor,3125924884,Not impressed,I am not impressed with the website or the app. You can filter restaurants but the filters are not carried over to map view.  The maps are not great.,1,RichardBonn,free,NA,NA,npm app-store-scraper,0,0,1,1
NCH,MV,TripAdvisor,3027390378,Reliable without Revenge,Good and positive reviews with suggestions instead of whining to get a check comped.   Reliable.,5,Ken-Kinja,free,NA,NA,npm app-store-scraper,0,0,0,1
NCH,MV,TripAdvisor,3021068562,Go to app for travel,This is my go to app when traveling to find hotels and good eats.  We like eating at non-chain restaurants and trip advisor is helpful in finding the good ones.,5,Hrand,free,NA,NA,npm app-store-scraper,0,0,0,1
NCH,MV,TripAdvisor,3267092446,Good travel app,"I use it to organize different ideas for trips while I‚Äôm price shopping. I‚Äôm grateful for all the reviews because they help choose between multiple choices that may have recently had difficulties - rather than reading from reviews that are years old - before renovations, but outs, and staff turnover.",4,Reward Member,free,NA,NA,npm app-store-scraper,0,0,0,1
NCH,MV,TripAdvisor,3309599499,Mrs,"Love trip advisor! Always right on at restaurants and hotels! When I have reviewed places they are every sure I don‚Äôt work their,   etc.",5,Zero JP,free,NA,NA,npm app-store-scraper,0,0,0,1
NCH,MV,TripAdvisor,3217353366,This app is a god send.,"This app helped us make our European trip wonderful and found great spots to find here. I highly recommend using this app to research places and activities. I also use it for our many cruise destinations, and looking for hotels, and activities on road trips.",5,Emo9454,free,NA,NA,npm app-store-scraper,0,0,0,1
NCH,MV,TripAdvisor,3022376566,Excellent tour with Collin,I brought my 10 year old son and we had a blast!   Thanks Collin and Rick. Your knowledge of the show and locations were awesome.,5,Kleemans,free,NA,NA,npm app-store-scraper,0,0,0,0
NCH,MV,TripAdvisor,3050038470,Biased recommendations from the app,"Unfortunately, the results from the TripAdvisor app seem misleading biased towards events that generate revenue for the company, than an objective service.  I recently visited a museum that was free.  When I looked it up on the app, I was recommended an $88 walking tour with no mention that the museum itself was free",1,ccd16,free,NA,NA,npm app-store-scraper,0,0,0,1
NCH,MV,TripAdvisor,3176449828,Chicago Architecture River Cruise,"Our trip was well worth the money!  It really brought the grandeur of Chicago to life for us. Blake, our guide, is the best!  His narration didn‚Äôt sound scripted at all, and he was extremely knowledgeable even outside the standard tour information!",5,STLMarti,free,NA,NA,npm app-store-scraper,0,0,0,0
NCH,MV,TripAdvisor,3170590680,Rental in Rome,"I used rental in Rome for a rental in Rome thinking it was local and they would be better than a worldwide service!
Itvwas a terrible  experience and they took entire payment for 21 days  way back in March
Upon arrival at Vite prestigious
Nothing was as listed ‚Äî it was not any of things they said including and most important elevator access
I am trying now to get my money refunded after I left immediately!
Do not even put them on your site!!!    Terrible experience!!!",1,dottyb@aol,free,NA,NA,npm app-store-scraper,0,0,0,0
NCH,MV,TripAdvisor,3280115358,Like to explore,"I just tried to review a great little restaurant that was not on the Edgewood, New Mexico list. I am disappointed that I have to wait for you to verify it is a real place. I have pictures of the interior and food. Maybe you should allow the review, then confirm?",5,Shorewood Travler,free,NA,NA,npm app-store-scraper,0,0,1,0
NCH,MV,TripAdvisor,3157523421,Very helpful app,"I use it for hotels, restaurants, shows, attractions. Very handy!",5,Shnewls,free,NA,NA,npm app-store-scraper,0,0,0,1
NCH,MV,TripAdvisor,3313667319,"Was pretty good, but recent update busted","Broke ability to share trips! Key feature, please fix",1,tommi deez,free,NA,NA,npm app-store-scraper,0,1,0,0
NCH,MV,TripAdvisor,3196379440,Rude Bar,"We were guests for just an evening at this Hilton. It is an attractive, new, clean and spacious place. The desk staff was polite but not cordial. Our issue was the bar tender. We sat for twenty minutes and were simply ignored. Other patrons would walk up next to us and be served while we were pointedly ignored. The hotel offered guests a free drink at the bar, which appeared to be worthless. I suspect that was the strategy to void giving away this little bonus. Why we were treated so rudely is otherwise a mystery to me. I will not pass this way again and admittedly I write this in anger, but I advise others to be cautious about this place.",1,fresguy,free,NA,NA,npm app-store-scraper,0,0,0,0
NCH,MV,TripAdvisor,3105672638,Vegas room reservation,"Booked a room with strips views, ended up viewing walls and dirty rooftop. Never with vegas. Com again. Be aware Vegas now charges parking fee founded out after checking out. Called vegas. Com customer service someone name Nancy told me you have to do finout by yourself by read Terms and conditions. Thanks a lot.",1,2121dave,free,NA,NA,npm app-store-scraper,0,0,0,0
NCH,MV,TripAdvisor,3026886195,Best travel app,"I have been traveling for over 40 years. Not For work, but when I was much younger my parents lived in the Middle East and I was paid to visit them twice a year. Are used all the different travel well they were not apps, then but I went through all of them when they came out. I like this up the best because it is the best! It covers so much! I have been traveling a lot in United States. You get into a motel or hotel and hit nearby and you know where you can go to eat or buy certain things. This is just one of the many positive and wonderful things iPhone about Trip Advisor!",5,Patrickta,free,NA,NA,npm app-store-scraper,1,0,0,1
NCH,MV,TripAdvisor,3264598376,When I travel outside the USA...,"TripAdviser is my insider to help me find the best hotel based on my preferences.  It indispensable when traveling to unknown places.  Highly recommend.
Used it last month in Paris, Bruges, Brussels, and Vienna.
Don‚Äôt go anywhere without their guidance and you will avoid mistakes.",5,Photos Now,free,NA,NA,npm app-store-scraper,0,0,0,1
NCH,MV,TripAdvisor,3167357414,Room for improvement,"I have come to rely on this app for all of my trips.  But it is time to make it better.  My complaint is that once pictures are posted, you can not take them down or edit them. I understand we are helping other travelers, but if I by accident shared the wrong pictures (or the location attached is incorrect, for example my pictures from ice castle in NH is linked to an Ice Club in Rome in Europe.  I‚Äôd love to go see Rome but I have not been there yet) I would want to be able to fix it. 
Changing my profile picture is another thing I wish I could do but cannot no matter what I tried.",4,micelle405,free,NA,NA,npm app-store-scraper,0,0,1,1
NCH,MV,TripAdvisor,3050998555,Top Nothch,This is my go to travel app,5,SumnerCitizen,free,NA,NA,npm app-store-scraper,0,0,0,1
NCH,MV,TripAdvisor,3214896180,Taliesin West,"The tour was educational, interesting and detailed. Both inside rooms and the grounds were included in the 90-minute tour. Our guide was knowledgeable and communicated information at an appropriate level. Our tour group included some persons who had visited other Frank Lloyd Wright buildings & others for whom this was their first exposure - our guide bridged the knowledge gap. Enough time was provided so we could carefully look at different aspects of an area. Extra credit is given for tour planning because the guide led us to shady spots for outside portions & arranged for sitting in inside areas. Thanks!",5,Fonron,free,NA,NA,npm app-store-scraper,0,0,0,0
NCH,MV,TripAdvisor,3168134199,Very thankful for this app,Love love love this app I use this everywhere we go including around home. It's very helpful and I love reading what others think and I like to leave my reviews also. Great app!,5,candicane0104,free,NA,NA,npm app-store-scraper,0,0,0,1
NCH,MV,TripAdvisor,3073731870,Awesome,I rely on this app no matter where I am going.  It has never failed to give me an accurate review of any establishment.  This is a credit to the many other users who take the time to do a review each time they go somewhere.,5,Educator_4_Life,free,NA,NA,npm app-store-scraper,0,0,0,1
NCH,MV,TripAdvisor,3130211571,Great travel App.,I use this app. all the time?  It especially when we travel.  We have found great restaurants that we probably would never found without this App.  It is also helpful when looking for things to do for the family when on vacation.,4,emptynrster,free,NA,NA,npm app-store-scraper,0,0,0,1
NCH,MV,TripAdvisor,3129132863,I use this app everywhere I go,I‚Äôve used trip advisor for years. The app is very good and seamless. I don‚Äôt have any issues with it.,5,Distillate jhvyddhfs,free,NA,NA,npm app-store-scraper,0,0,0,1
NCH,MV,TripAdvisor,3176449828,Chicago Architecture River Cruise,"Our trip was well worth the money!  It really brought the grandeur of Chicago to life for us. Blake, our guide, is the best!  His narration didn‚Äôt sound scripted at all, and he was extremely knowledgeable even outside the standard tour information!",5,STLMarti,free,NA,NA,npm app-store-scraper,0,0,0,0
NCH,MV,TripAdvisor,3033411172,Been a trip advisor user since it began!,Prefer thisApp over all others I have tried! Usually the most honest and reliable reviews of restaurants and hotels and for directing me to the best airfares! Also use the things to do list to choose activities in the areas I visit! It has become a little confusing at times. I miss the old days when you could pull up a location and immediately see reviews  and Listings by rank based on customer reviews only and not on sponsored advertisements! Will still be an advocate user anyway!,4,oldfaithfuk,free,NA,NA,npm app-store-scraper,0,0,0,1
NCH,MV,TripAdvisor,3321043640,Urban Adventures Walking Tour,"I booked this Walking Tour of Prague. I will be here for 10 days, and wanted to get an overview. This, my first tour, was more than I could have hoped for. Our guide Sasha was knowledgeable, informative and very interactive. He addressed all of our queries, and had a wonderful sense of humor. Our group bonded. It was a perfect Prague day.",5,Naime joy,free,NA,NA,npm app-store-scraper,0,0,0,0
NCH,MV,TripAdvisor,3059479043,Saved cities should be available off line,"I‚Äôve used the Trip Advisor app for over 6 years. There used to be self walking tours that one could follow off line. I used one of them extensively to find my way back to my hotel when WiFi was not available. 
Now I can make my own in My Trips, but it‚Äôs not available to me when I am offline. This frequently happens to me when I am traveling out of the USA.  I download the city map, but I haven‚Äôt found how to download my saves so I can find my way from one saved spot to another. This makes it difficult when I‚Äôm walking somewhere that I don‚Äôt speak the language. 

That said, I do love the app and use it to select sites and evaluate hotels and restaurants. I can eat at those restaurants only when I can remember where they are, since I can‚Äôt find my trips when I‚Äôm offline.",4,Linda's a cruising,free,NA,NA,npm app-store-scraper,0,1,0,1
NCH,MV,TripAdvisor,3114014255,Consistently good,"We have traveled three continents using TripAdvisor and have never been disappointed in the recommendations- be it places to eat at, visit or stay. Wouldn‚Äôt dream of traveling with any other travel guide!",5,msjakl,free,NA,NA,npm app-store-scraper,0,0,0,1
NCH,MV,TripAdvisor,3302435160,"Great Food, Great Bar, Great Service- Highly Recommend","Duke‚Äôs is a farm to table restaurant that sources their food from local farms.  Their chef runs a great kitchen and the restaurant is very clean.  

The menu is a mix of standard favorites and original dishes. 

The beer menu is massive!

It‚Äôs VERY popular, so it can get crowded especially on the weekends.",5,fitlabcl.com,free,NA,NA,npm app-store-scraper,0,0,0,0
NCH,MV,TripAdvisor,3175153929,Review of limoliner,Never again will I travel with limoliner who changed scheduled trips with only one day notice to impossible times allegedly because of driver unavailability. Obviously they cannot afford backup drivers. I think they are in financial trouble. Db781,1,db781,free,NA,NA,npm app-store-scraper,0,0,0,0
NCH,MV,TripAdvisor,3176075792,University grill fort Myers,The baked haddock was wonderful! Was here yesterday. Sandra was our server she was awsome! Very professional and helpful! Enjoyed our meal will be back!,5,Ellen la la,free,NA,NA,npm app-store-scraper,0,0,0,0
NCH,MV,TripAdvisor,3175662644,Solid from the start,"This app has really turned into a must have for...everyone, really. Solid tech and a great network that has helped billions of travel destinations.

World class app for the world wonders everywhere!",5,support strap,free,NA,NA,npm app-store-scraper,0,0,0,1
NCH,MV,TripAdvisor,3049996351,"Omelettes, breakfast",A great place for good omelettes. Good value for money!,4,Izel00,free,NA,NA,npm app-store-scraper,0,0,0,0
NCH,MV,TripAdvisor,3072865043,üëåüèºüëçüèº,Mrs Sue wazz so beautiful and nice!!!! LilGucci33!!üòù,5,lilgucci33,free,NA,NA,npm app-store-scraper,0,0,0,0
NCH,MV,TripAdvisor,3134426802,The Revolutionary Story Tour in Boston,"This tour is fabulous!  What a great story to hear from a true historian!  Mike tells the story as if you were there and a part of it. He‚Äôs smart, funny and keeps you interested. I highly recommend this tour!!",5,wvshears,free,NA,NA,npm app-store-scraper,0,0,0,0
NCH,MV,TripAdvisor,3207640085,Chicago neighborhoods,"Although I think the listings for Chicago in general is great. There is no ability to quickly explore the near north neighborhoods (Andersonville, edgewater, Lincoln square, Rogers park etc)",4,Raylab,free,NA,NA,npm app-store-scraper,0,0,1,1
NCH,MV,TripAdvisor,3328542047,"City Tale Sightseeing & Private Tours New York City, New York","On Oct. 20, 2018 Debbie with a noon 9/11 tour. She was fun, gave excellent information. She gave the best private tour a person could expect. I can‚Äôt get say enough good about her. How can I get her again for more tours?",5,Wise Girls,free,NA,NA,npm app-store-scraper,0,0,0,0
NCH,MV,TripAdvisor,3026503015,Must have,I always check trip adviser whenever I go anywhere even why am at home with in my hometown I want to see what others are saying about what I want to do. Trip advisor and the people who review places things and events tell it like it is and give me an honest appraisal of what I will see when I go somewhere.,5,WAC69,free,NA,NA,npm app-store-scraper,0,0,0,1
NCH,MV,TripAdvisor,2985009841,Useful to find the best attractions on your trips,"The user reviews are the best! I spend a lot of time on the road scouting places for photography workshops, the reviews by users on the site help me chose attractions that are worthwhile and the others to skip. I like that I can save things I‚Äôd like to see by location, when I am there I just pull up the TripAdvisor app, and I can scroll through all the activities I saved. Select a place, tap on the address and you get directions to the location. Also, the forums are an excellent place to find out info on a specific location, for example hurricane damage, etc.",5,Photographer on the Go!,free,NA,NA,npm app-store-scraper,1,0,0,1
NCH,MV,TripAdvisor,3077721225,Helpful,Actually non-biased,4,des7682,free,NA,NA,npm app-store-scraper,0,0,0,1
NCH,MV,TripAdvisor,3275650548,Walking your East Berlin,"Fabulous walking tour with our guide Toby!
Super knowledgeable, fun, easy going. Toby s tour was the perfect mix of learning facts and seeing actual historic sites. One of the best tours we have done.",5,kericker,free,NA,NA,npm app-store-scraper,0,0,0,0
NCH,MV,TripAdvisor,3037215370,LaurieM33,"TripAdvisor is my go-to app prior to planning any vacation, from hotels and restaurants to unique experiences!",5,LaurieM33,free,NA,NA,npm app-store-scraper,0,0,0,1
NCH,MV,TripAdvisor,3125063917,City guide download is impossible to find!!!!! And download,Don‚Äôt get it.     Why aren‚Äôt they easy to find?????,1,lemonlikeskitty,free,NA,NA,npm app-store-scraper,0,0,0,0
NCH,MV,TripAdvisor,3018494297,"If you travel, this app is essential!",It‚Äôs my go-to before going to a new country. The breadth of the information you can find is sometimes quite astonishing.,5,GrandmasterTim,free,NA,NA,npm app-store-scraper,0,0,0,1
NCH,MV,TripAdvisor,3032810817,Combo Alcatraz and city tour SF,"Our guide during the city tour, SodaPop was funny and informative. Day on the he uncovered top and experienced it all.",5,AZwash,free,NA,NA,npm app-store-scraper,0,0,0,0
NCH,MV,TripAdvisor,3059479043,Saved cities should be available off line,"I‚Äôve used the Trip Advisor app for over 6 years. There used to be self walking tours that one could follow off line. I used one of them extensively to find my way back to my hotel when WiFi was not available. 
Now I can make my own in My Trips, but it‚Äôs not available to me when I am offline. This frequently happens to me when I am traveling out of the USA.  I download the city map, but I haven‚Äôt found how to download my saves so I can find my way from one saved spot to another. This makes it difficult when I‚Äôm walking somewhere that I don‚Äôt speak the language. 

That said, I do love the app and use it to select sites and evaluate hotels and restaurants. I can eat at those restaurants only when I can remember where they are, since I can‚Äôt find my trips when I‚Äôm offline.",4,Linda's a cruising,free,NA,NA,npm app-store-scraper,0,1,0,1
NCH,MV,TripAdvisor,3178599099,Crashing,"Trip advisor has been taking forever to load and crashing constantly since the last update, iphone and iPad.
What‚Äôs going on !",3,Frankvil,free,NA,NA,npm app-store-scraper,0,1,0,0
NCH,MV,TripAdvisor,3048032187,Duneland Beach Inn,"Stayed in the ‚Äúcaptain‚Äôs quarters‚Äù  suite which is bright, airy & luxuriously appointed. The gourmet restaurant offers inspired, creative entrees, salads, soup, appetizers & deserts.
Located just 1/4 mile from  an immaculate beach featuring sunset views of the Chicago skyline 35 miles to the west.",4,Romanround,free,NA,NA,npm app-store-scraper,0,0,0,0
NCH,MV,TripAdvisor,3130869334,Trip Advisor For Sale?,"I used to love Trip Advisor.  We travel a lot (full time rv-ers) and I used to count on the app for things to do that were off the beaten path as well as advice on the more popular sights.  However, since the app is now more about selling rooms or tours it is much less about what is really out there to see and do.  It‚Äôs still useful, but no longer my go-to.  :-(",3,Grggggy,free,NA,NA,npm app-store-scraper,0,0,0,1
NCH,MV,TripAdvisor,3058336366,Reliable Guide,This app has saved me! It pointed out bed bugs in high-range hotels. In one city I drove 15 miles to find bed big free hotel! You can count on the reviews!,5,GoYeGuy,free,NA,NA,npm app-store-scraper,0,0,0,1
NCH,MV,TripAdvisor,3222112989,What have you done?!,What have you done to the TripAdvisor App??!! It used to be awesome. Now I am going to delete and use something else. It is so un-user friendly that it's a joke!! I can't believe you think this so-called app is better!! I have been using for years and it WAS awesome. Ugh!,1,LindaSoMinnesota,free,NA,NA,npm app-store-scraper,0,0,0,1
NCH,MV,TripAdvisor,3083896813,My Treasure Map for Finding Hidden Gems,"When traveling, Trip Advisor is my go to for finding the best local places to visit, restaurants, and hotels.  We have eaten at some amazing places that we would never have found without Trip Advisor. One was in my husband‚Äôs hometown!  The app is easy to navigate. Highly recommended.",5,CyberDolls,free,NA,NA,npm app-store-scraper,1,0,0,1
NCH,MV,TripAdvisor,3280115358,Like to explore,"I just tried to review a great little restaurant that was not on the Edgewood, New Mexico list. I am disappointed that I have to wait for you to verify it is a real place. I have pictures of the interior and food. Maybe you should allow the review, then confirm?",5,Shorewood Travler,free,NA,NA,npm app-store-scraper,0,0,1,0
NCH,MV,TripAdvisor,3149650125,Muy buena app,Es muy √∫til.,5,jlm105,free,NA,NA,npm app-store-scraper,0,0,0,1
NCH,MV,TripAdvisor,3041307337,"Tasca  46 Avenue de Suffren, Paris","This Italian restaurant in the Eiffel Tower neighborhood is a gem!  We ate dinner 2/3 nights there and discovered it by accident.  The special salad with greens, beautifully sliced mushrooms, delicate dressing with a sprinkle of Parmesan cheese is fantastic!  And the 2 pasta specials we had were superb:  both cooked al dente.  Not to be missed!!",5,BarneyGingie,free,NA,NA,npm app-store-scraper,0,0,0,0
NCH,MV,TripAdvisor,3026109999,"Hampton inn, toledo north","Worst hotel ever.  From broken elevators to running out of food on the breakfast buffet by 7:30 am, from mildew on shower head to rude front desk man.  From dirty wet towels in the one working elevator to filthy hallways and public spaces.
Choose a different hotel !",1,Didgusted,free,NA,NA,npm app-store-scraper,0,0,0,0
NCH,MV,TripAdvisor,3021068562,Go to app for travel,This is my go to app when traveling to find hotels and good eats.  We like eating at non-chain restaurants and trip advisor is helpful in finding the good ones.,5,Hrand,free,NA,NA,npm app-store-scraper,0,0,0,1
NCH,MV,TripAdvisor,3146414066,"Hampton Inn - Kimball, TN","The young staff at this hotel really strive to make one feel welcome. They accommodate the guests in as much as possible. The rooms are quite clean and adequate for a highway stop. The only staff name I can remember is Hillary, however, each and every staff member from housekeeping to front desk are outstanding. I highly recommend this Hampton.",5,eurodame,free,NA,NA,npm app-store-scraper,0,0,0,0
NCH,MV,TripAdvisor,3081968031,Good but room for improvement,"I love this app. I literally use it everyday and we are on the road legit 280-300 days a year so I review from all around the world. It certainly helps me decide where to go/stay and hopefully I‚Äôm helping others as well with mine. That said. You do need to take a page out of yelps book where you can respond as sometimes you have management responses and if I‚Äôve forgotten a certain employee name that did great or not so I‚Äôd like the option to respond. Also, YOU NEED TO ALLOW US TO EDIT!!!  Sometimes the place you visit was positive/negative and you review. The next time is the opposite and I‚Äôd like to add to my review like yelp allows. Otherwise it‚Äôs a great app to help other travelers. Thank You",4,Top contributor,free,NA,NA,npm app-store-scraper,0,0,1,1
NCH,MV,TripAdvisor,3026886195,Best travel app,"I have been traveling for over 40 years. Not For work, but when I was much younger my parents lived in the Middle East and I was paid to visit them twice a year. Are used all the different travel well they were not apps, then but I went through all of them when they came out. I like this up the best because it is the best! It covers so much! I have been traveling a lot in United States. You get into a motel or hotel and hit nearby and you know where you can go to eat or buy certain things. This is just one of the many positive and wonderful things iPhone about Trip Advisor!",5,Patrickta,free,NA,NA,npm app-store-scraper,0,0,0,1
NCH,MV,TripAdvisor,3216157160,Walking Tours en C√≥rdoba,"El recorrido muy interesante. La diferencia en positivo la hacen los gu√≠as como Rafael (C√≥rdoba Monumental) y David (en el sorprendente tour nocturno).
Resalta la pasi√≥n y energ√≠a que ellos ponen en su trabajo, valen 5 estrellas.",5,Niclaus55,free,NA,NA,npm app-store-scraper,0,0,0,0
NCH,MV,TripAdvisor,3172888637,Montmorency Falls Bike Tour in Quebec,A wonderful bike ride with our guide Raymond! He gave us insightful information along the way at a comfortable pace. The snacks were delicious!  The falls are amazing and the views from the top are first rate. Thank you!,5,Hensel Family,free,NA,NA,npm app-store-scraper,0,0,0,0
NCH,MV,TripAdvisor,3197733725,Reviews by unknowledgeable and/or pretentious foodies.,"Why would you rely on anyone you don‚Äôt know to tell you how good a restaurant is in a foreign country. When I read a review of a restaurant I know well in Florence, a review which said it wasn‚Äôt a ‚Äúreal Italian‚Äù restaurant because it didn‚Äôt have veal parmigiana, it sort of summed up what the problems are.",1,seraglie,free,NA,NA,npm app-store-scraper,0,0,0,0
NCH,MV,TripAdvisor,2988867366,Information You Can‚Äôt Get Elsewhere,Trip Advisor is my go-to when planning a trip. The information is comprehensive and the forums are where I go when I want practical information from experienced travelers.,4,DCtoSC,free,NA,NA,npm app-store-scraper,0,0,0,1
NCH,MV,TripAdvisor,3088775115,"Friendliest staff, cleanest and coziest rooms, reasonably priced!","This is a review for the best Western Inn at Facetock in Bandon,  Oregon. We stayed there in a recent vacation and had been there a year earlier too. We specifically came back to this hotel due to the friendliness of the staff, the coziness and cleanliness of the room, and the reasonable price. The hotel is across the street from the beach so we‚Äôd  wake up every day to fresh air and the sound of the waves.  Every day breakfasts , included in the price, were always delicious and carefully prepared with many options. The check-in-staff, the cooks, the hostesses, room service attendees, were all friendly, professional and made us feel at home. Kudos go to Larry, the manager there, Eileen, and the rest of the welcome staff, who gave us great suggestions as to places to visit in Bandon. We highly recommend staying at this lovely hotel if you‚Äôre in the Bandon area.",5,Unhappy Scrabble addict,free,NA,NA,npm app-store-scraper,0,0,0,0
NCH,MV,TripAdvisor,2980132220,geographically challenged,"Cannot locate the city of Dubrovnik, Croatia, a UNESCO site
Therefore unable to create personal timeline",1,ctr75,free,NA,NA,npm app-store-scraper,0,0,0,0
NCH,MV,TripAdvisor,3105641686,I must be retarded,Every combination of nonsensical letters and numbers and special characters for user name still returned the error message that my user name is already taken. What malarkey! I give up.,1,CobyAlum,free,NA,NA,npm app-store-scraper,0,1,0,0
NCH,MV,TripAdvisor,3275674518,A waste of time and money,"Tour started late and our guide seemed more concerned with the parties that were missing than on the group that arrived on time ready to go. 
Have done some walking tours before and enjoyed learning some local history - but this was more than disappointing.",1,Cargo 58,free,NA,NA,npm app-store-scraper,0,0,0,0
NCH,MV,TripAdvisor,3059479043,Saved cities should be available off line,"I‚Äôve used the Trip Advisor app for over 6 years. There used to be self walking tours that one could follow off line. I used one of them extensively to find my way back to my hotel when WiFi was not available. 
Now I can make my own in My Trips, but it‚Äôs not available to me when I am offline. This frequently happens to me when I am traveling out of the USA.  I download the city map, but I haven‚Äôt found how to download my saves so I can find my way from one saved spot to another. This makes it difficult when I‚Äôm walking somewhere that I don‚Äôt speak the language. 

That said, I do love the app and use it to select sites and evaluate hotels and restaurants. I can eat at those restaurants only when I can remember where they are, since I can‚Äôt find my trips when I‚Äôm offline.",4,Linda's a cruising,free,NA,NA,npm app-store-scraper,0,1,0,0
NCH,MV,TripAdvisor,3327231884,"Homewood Suites by Hilton Savannah, Ga","All of the staff was friendly and eager to help, but I wanted to give special attention to Ms Pat on the breakfast crew who went above and beyond to bring me salsa for my eggs every morning.   
Also, the rooftop manager had good music line up for entertainment.",4,10021932,free,NA,NA,npm app-store-scraper,0,0,0,0
NCH,MV,TripAdvisor,3137387391,Great app!,"I made search for Cartagena, Colombia in Booking.com and I kid you not the stupid app says ‚Äònot found‚Äô!! Really!! Cartagena without hotels is like an egg without its yolk! This app is very complete. It even allows you to communicate to the place you‚Äôre looking at by posting a question.",5,pookie050,free,NA,NA,npm app-store-scraper,0,0,0,1
NCH,MV,TripAdvisor,3035577893,Las Vegas Super Saver Madame Toussaud And Gondola Ride,"My husband and daughter and I had a great time at Madame Toussaud Wax Museum In Vegas based in The Venetian Hotel!!!!  We kidded around and took pictures with the celebrity look-alike Wax figures!!!!  Also don‚Äôt leave Madame Toussaud without seeing the 3D Mini Movie!!!!  It was ‚Äúway cool‚Äù!!!!

We also enjoyed the Gondola Ride also in The Venetian Hotel.  This was special to us because our son proposed to his girlfriend in Gondola Ride in The Venetian Hotel last year!!!!  We loved seeing where our son proposed!!!!",5,Shonna Lee,free,NA,NA,npm app-store-scraper,0,0,0,0
NCH,MV,TripAdvisor,3325092898,5 star app until recent update,Recent update was not tested. App locks up when going through reviews and you can‚Äôt get out of reviews except look at more.  Only way to get out is force close app and restart.,2,capt996,free,NA,NA,npm app-store-scraper,0,1,0,0
NCH,MV,TripAdvisor,3192047016,Fantasy island amusement park,"I agree with majority, in desperate need of care. Truly hoping for positive change! My suggestion, PLEASE lose the corny banjo music during an information call! Totally unnecessary. Difficult to hear options. Plus, you MIGHT want to update your operational schedule!?",2,marrshaaa,free,NA,NA,npm app-store-scraper,0,0,0,0
NCH,MV,TripAdvisor,3203627499,"Gabriela Leon, server at Dreams Playa Mujeres,Cancun,Mexico",5 Star rating üå∫,5,Kikiadorabella,free,NA,NA,npm app-store-scraper,0,0,0,1
NCH,MV,TripAdvisor,3023253539,Valuable Trip Planning Tool,"I use Trip Advisor to help plan activities and meals for our road trips, or vacations with friends. I find it easy to use and it allows me to explore a new city or area for things to experience. After all, that may be why I am visiting. Good resource!",5,246810#,free,NA,NA,npm app-store-scraper,0,0,0,1
NCH,MV,TripAdvisor,3224703015,Pompeii And Vesuvius small group hotel pickup,"Annalisa was our guide for the day.
We were picked up at our hotel on time. She did a good job with the history of Pompeii as we walked around to the designated sights.
At Mt. Vesuvius we had 1 1/2 hr to make the climb, wine or lemonchello 
Was available at the top, wish we would have take the time to celebrate the accomplishment definitely on our bucket list.
Lunch included two slices of pizza with water, which was just right for that bit of energy needed for the climb up Vesuvius.",4,Mary frm CA,free,NA,NA,npm app-store-scraper,0,0,0,0
NCH,MV,TripAdvisor,3237211236,Traveller,It‚Äôs perfectly app explain you what ever need about traveling and visiting any country around the world,5,Traveller_2015,free,NA,NA,npm app-store-scraper,0,0,0,1
NCH,MV,TripAdvisor,3051342154,Makes travel easy,"I travel with my family a lot and it‚Äôs a lot of stress to bring 6 people to places we‚Äôve never been. Trip advisor helps us find hotels, restaurants, and things to do.",5,Mlieby,free,NA,NA,npm app-store-scraper,0,0,0,1
NCH,MV,TripAdvisor,3192633523,Great help,"I love this app, for food reviews , trips, places to go... everything!",5,Helena79,free,NA,NA,npm app-store-scraper,0,0,0,1
NCH,MV,TripAdvisor,3270552346,Best all around guide for many countries.,"As a general guide, TA is pretty good. We use it often, traveling to about 4-6 countries per year. We use it more for restaurants, however their hotel listings have improved in last few years. Best if you read the individual comments to glean the most about a location, (although some reviews are pretty lame-come on people-raise the bar!
If you understand the local language, switch the language over to it, as I think their restaurant reviews are better.",4,Gary Richard,free,NA,NA,npm app-store-scraper,0,0,0,1
NCH,MV,TripAdvisor,3008006369,Boston in One Day Bus Tour,"My mom and I came to Boston for a baby shower but came a couple of days early so we could see the sights. We booked the Boston in One Day Bus tour and we were definitely not disappointed. Our tour guide Sam who we affectionately call Sam I Am was amazing. He was knowledgeable, personable and made the tour a wonderful experience!! We recommend this tour highly and if you want to enjoy it as much as we did we suggest you request Sam I Am!!",5,Tiffany & Donna,free,NA,NA,npm app-store-scraper,0,0,0,0
NCH,MV,TripAdvisor,3181207914,First stop when planning travel,I don‚Äôt think I‚Äôve ever planned a trip without checking TripAdvisor!,5,knobelwoman,free,NA,NA,npm app-store-scraper,0,0,0,1
NCH,MV,TripAdvisor,3122169251,Best App,This is my best friend for traveling.,5,JoyKarwan,free,NA,NA,npm app-store-scraper,0,0,0,1
NCH,MV,TripAdvisor,3197546089,No longer. - Excellent app and site,"I have used TA forever! Unfortunately, the app drives me nuts! Does anyone else find that while scrolling through pics and they haven‚Äôt loaded all the way the roll starts from the beginning?! Alternatively, when you click ‚Äúsee all‚Äù say underneath a hotels room pics you don‚Äôt see all room pics but instead ‚Äúsee all‚Äù the hotel‚Äôs pics loaded period. Pretty frustrating when I‚Äôd like to look at only room pics or whatever. I‚Äôve deleted the app before because of this but apparently it hasn‚Äôt bothered anyone else. TripAdvisor: I want to see pics in order of submission. New first. A hotel pic in 2005 or 2012 is irrelevant. Kept those at the bottom. Some places remodel/renovate. I don‚Äôt want old mixed with the recent.",2,JAKAG06,free,NA,NA,npm app-store-scraper,0,1,1,0
NCH,MV,TripAdvisor,3095690563,Motel 8 1213 Las Vegas Blvd south,This hotel is nasty and the don‚Äôt clean floors you walk barefooted and your feet will turn black  it smelled like pee and we had to Change rooms because the room smelled like someone smoked in them this is a non smoking hotel No one knows who owns the hotel the bathroom box springs were all tore up and hanging no wash clothes and only two towels the staff is as dumb as it comes the don‚Äôt have a continental breakfast like they advertise they don‚Äôt care about the customers while we were there they had people demanding there money back that‚Äôs how bad this is  My option is that the owner is nothing more than a slum liars and is never there even managers are not there and can‚Äôt be reached by phone it‚Äôs really a place to stay away from unless you want to get sick in one form or another,1,macwrc,free,NA,NA,npm app-store-scraper,0,0,0,0
NCH,MV,TripAdvisor,2984348298,Constant use,"This is an update of my review reflected below.  We constantly use this when we travel and for restaurants in our home area.  We still think this app is very good and easy to use.  One of the keys is that  we find the latest places are included .  However one of my pet peeves is still there.   Reviews no matter how old. Are still reflected.  A review over 12-15 months  old does not seem to be current enough to matter.   Things  change, people leave, corrections are made .

We use this in our travels primarily for restaurants and  places to stay.  Glad we see the good bad and ugly.  However reviews should be purged after 12-15 months to keep out the old ratings.  Have seen reviews going back to 2008 which makes no sense due to being relevant
This has been my review for couple years.  Need to purge old reviews as they have zero meaning as out of date. Today actually saw a review for 2007",4,Emahiserj,free,NA,NA,npm app-store-scraper,0,0,0,1
NCH,MV,TripAdvisor,3153664500,Love the trip advisor app,This app has helped us so much when we travel. We use it to find hotels and also to find restaurants and activities. It also helped us a lot when we moved to a new city!,5,j-mama8,free,NA,NA,npm app-store-scraper,0,0,0,1
NCH,MV,TripAdvisor,3081968031,Good but room for improvement,"I love this app. I literally use it everyday and we are on the road legit 280-300 days a year so I review from all around the world. It certainly helps me decide where to go/stay and hopefully I‚Äôm helping others as well with mine. That said. You do need to take a page out of yelps book where you can respond as sometimes you have management responses and if I‚Äôve forgotten a certain employee name that did great or not so I‚Äôd like the option to respond. Also, YOU NEED TO ALLOW US TO EDIT!!!  Sometimes the place you visit was positive/negative and you review. The next time is the opposite and I‚Äôd like to add to my review like yelp allows. Otherwise it‚Äôs a great app to help other travelers. Thank You",4,Top contributor,free,NA,NA,npm app-store-scraper,0,0,1,1
NCH,MV,TripAdvisor,2992984043,My Go-to dining app,"I always go to Trip Advisor when checking out a new restaurant, hotel or vacation rental.  Their reviews are spot-on and I‚Äôve never been disappointed!",5,NBRwhidbey,free,NA,NA,npm app-store-scraper,0,0,0,1
NCH,MV,TripAdvisor,3147666311,Trip planning,"I like planning trips with this ap.  I can find restaurants I want to try, beaches to walk, places to stay and things to see and have them all at my fingertips.  I feel so organized and efficient!",4,Nemofujimom,free,NA,NA,npm app-store-scraper,0,0,0,1
NCH,MV,TripAdvisor,3113152462,WiFi,"I have installed, reinstalled, turned off and on both my phone and iPad. I get absolutely no information about places I am near unless I am on WiFi. That seems pointless when I am traveling. If I am at home, I get helpful comments about places, but TripAdvisor globes me no Advice when I am on an actual Trip.",2,orgnizd 51,free,NA,NA,npm app-store-scraper,0,1,0,0
NCH,MV,PicsArt,gp:AOqpTOFuxKj-K7d_qoleeTVG6dWtG9lYqszKEI3P5vsk_ilNV3aKae1rfagB1Krg7o0zF5Bemzg05ZdfJ_W1dQ,,Awesome,5,SK SUJAR BANGLA GAJAL O JOLSHA,free,21-Oct-18,NA,npm google-play-store-scraper,0,0,0,1
NCH,MV,PicsArt,gp:AOqpTOGS7m9JxwIHPzll2YjGQl_czLnnZB6QoBRs_gJI4c8uRlC9o2PvPOqaqbBs7lC1QXXxuOMIrLA-yrol2Q,,Very good picsArt,5,Sumit Sharma,free,20-Oct-18,NA,npm google-play-store-scraper,0,0,0,1
NCH,MV,PicsArt,gp:AOqpTOGCp22UqFV66wMPSwsRTsew3aaBqXiNhw9-ZiMoK7SEOh-l-U_v2cyGQ1KtCmBTYNd-G0X5d05A1ZH7EA,,Perfect photo editor app,5,Hitesh Banswal,free,20-Oct-18,NA,npm google-play-store-scraper,0,0,0,1
NCH,MV,PicsArt,gp:AOqpTOGGQPfeUwEfQNjdbsSGs1drKgTgR3L1vYsk7WNP8AaJhdIjKm2KqUXHa_AuHWG6epUGdoTrc8sQfdNf4A,,Just Love it,5,Farzana Zaman Amy,free,22-Oct-18,NA,npm google-play-store-scraper,0,0,0,1
NCH,MV,PicsArt,gp:AOqpTOFmn1Nd5JqraivT0BYbDChl-gQXBwJLUbU8spUQ-8XUAhkOMk2V6bxe5-ANWq3_9qvV2zyWWbGioYDwZQ,,Supperb üòÄüòÄ,5,Vinod Minipura,free,21-Oct-18,NA,npm google-play-store-scraper,0,0,0,1
NCH,MV,PicsArt,gp:AOqpTOF95U5C_7C1Up9qWS3e2J8k9C2uOPbl6XKHnVH_m7LAxIIdhwp_MKNS2xgw7PSIgYCvjfufeyknwEmmiA,,Wooo what a app awesome,5,,free,21-Oct-18,NA,npm google-play-store-scraper,0,0,0,1
NCH,MV,PicsArt,gp:AOqpTOFACmmyFvoJslJwe9hYyHAtgX2BY4IkCNWss8YcR7vTzTauK0Td-LTSwpJR88g2k4keXu0XgBkUTlmIJw,,Super,5,,free,21-Oct-18,NA,npm google-play-store-scraper,0,0,0,1
NCH,MV,PicsArt,gp:AOqpTOEQ8yQnzG_S3af_JqWzR8-pLbf4ObLs9S0nlsd5pBEnmzQDrY3xIDiVfyATc9-H2LoL83B9q2VkkxRQyQ,,Sahil üëë,5,,free,21-Oct-18,NA,npm google-play-store-scraper,0,0,0,1
NCH,MV,PicsArt,gp:AOqpTOFOzBzp_1sdAY9mxtQL52VjaIO_GSZtJKMGu2aDiva6ReF_Ch60J8QabJlnztT93eIumiUrXtXRc2Enbw,,It's a good app you should try it!,5,,free,21-Oct-18,NA,npm google-play-store-scraper,0,0,0,1
NCH,MV,PicsArt,gp:AOqpTOG6sNlWF6tcoUT8IHhTNzKA3ip2HLRTCatk9WfifRtVw7SEO49hUIw58r4UeDiAMT4D1oWp-6OmD1Grgw,,I hate this app!!! IT MAKES U PAY FOR EVERYTHING I HATE IT SO MUCH I WISH MONEY NEVER EXISTED,1,,free,21-Oct-18,NA,npm google-play-store-scraper,0,0,0,1
NCH,MV,PicsArt,gp:AOqpTOHR14HuiXL-PQ9B6eSu8yl4Htd2Ct45MntWzsW0eeFltGa80aIyOA-V1C4CNacdtNs3a6YoaeV7I8lsnw,,Its fantastic asp,5,,free,21-Oct-18,NA,npm google-play-store-scraper,0,0,0,1
NCH,MV,PicsArt,gp:AOqpTOEtwuxLAyx9yCMrntGD4Yt5mLkHzkIZ4yy6vvfzHMz-mMM5JbWC7B1PYLurMmceCcJ-OAw4s1RqJ_tdEg,,Nice,5,,free,21-Oct-18,NA,npm google-play-store-scraper,0,0,0,1
NCH,MV,PicsArt,gp:AOqpTOH5bSAqYhpLetovgRa63dWbwJp6kwVd-3CZVM7h_QyjNIE2J8BwSy7bU7UsUkiLtCHllYO-PasKQ9UJgA,,Not bad,4,,free,21-Oct-18,NA,npm google-play-store-scraper,0,0,0,1
NCH,MV,PicsArt,gp:AOqpTOFowiDkReo_4eLX--c9JeCzROIlkQDsMjBs7_s2j46WXwLinC56jQJm8nUS4RcbG46QwQbrdqT92Ei3Dg,,That's awesome,5,BASEL elhebashy,free,22-Oct-18,NA,npm google-play-store-scraper,0,0,0,1
NCH,MV,PicsArt,gp:AOqpTOFU1lCq1-v5U_DxObIP-OXAbJ5JaWCHgyoYPfNyIg3dREwy87fcvg-lktCDR9xN4JflbOI1jYXsVPJTmg,,"I used to use this app religiously, making my own collage. Now it crashes every time you try to add text to the image. Sort it out please x",1,Ann H,free,22-Oct-18,NA,npm google-play-store-scraper,0,1,0,0
NCH,MV,PicsArt,gp:AOqpTOH5aQpV798bdci8O_XJqCe9IpwmXSviMrghOBfKQxrYuPsuPfNkvRVHai_0_dIfh2qKEVbZTTWQoiHMkA,,Heheee,1,,free,22-Oct-18,NA,npm google-play-store-scraper,0,0,0,0
NCH,MV,PicsArt,gp:AOqpTOFKDlZUoQpGBxb8m6afEVLNTBLFq7VxcQx0IGIV74myoklprE4RnTqRHsMGC-v_EDsAVpWqQMW_3owzbQ,,Hi cxj you are,5,,free,22-Oct-18,NA,npm google-play-store-scraper,0,0,0,0
NCH,MV,PicsArt,gp:AOqpTOFeVuHKdYgJF8bu6zXyKgw6EmFctwWT6IviomaTBHky4zdMiNn4UrCTCOXABidie2QXT9TTdUkSudIbiQ,,Its good app,5,,free,20-Oct-18,NA,npm google-play-store-scraper,0,0,0,1
NCH,MV,PicsArt,gp:AOqpTOHDw-JWGj0zCI19h45xKrLFIh-_4gf912xDZR3cP1RuxOoBFqe9yxxV5-18SFDGRRLOUm-UFfYBMcMuSg,,Yes,5,Leny Wiji Astuti,free,21-Oct-18,NA,npm google-play-store-scraper,0,0,0,0
NCH,MV,PicsArt,gp:AOqpTOEJ4GfRtCA1OZxMsS8qegtgRv1kZs4TPqwYaMomGLOFhNSQeEz2AC6YfoAg94-XHKiRXL81MzSDKQwmIQ,,fantastic app for creative users,5,ASJAD ALI,free,21-Oct-18,NA,npm google-play-store-scraper,0,0,0,1
NCH,MV,PicsArt,gp:AOqpTOEwVUm1QV60hbcfLNAtPm4OtDftebLDt9LKtxC8rDUri_In7u-4rENVNEs1CNPaEWCAhD45UVqGVj9tYg,,Wonderful,5,,free,21-Oct-18,NA,npm google-play-store-scraper,0,0,0,1
NCH,MV,PicsArt,gp:AOqpTOF4x6AdF2qGUHQZxsFaEeHSKgerkhffnszFEbe4rWIvUyZcJBFJCD7FsJyTGK5GmAJS0w6eQGurJbAlWA,,I love this,5,,free,22-Oct-18,NA,npm google-play-store-scraper,0,0,0,1
NCH,MV,PicsArt,gp:AOqpTOFRdjcYfJHNPavYHFICyU00CfFwygL5oz0S996bluNn820ZQGlyLgCxNuM3qegRuthK6AObEyWc6V4U_Q,,Super,5,,free,22-Oct-18,NA,npm google-play-store-scraper,0,0,0,1
NCH,MV,PicsArt,gp:AOqpTOECq5ECbeZQhkMvUWlo5sGd9PuLsd4MGQOzDuFpM5pJCiMj72qdoqQK3HWUmCnXMvynVSzRvUnoV7YXVw,,Best in editing pics in westoros ..,5,,free,21-Oct-18,NA,npm google-play-store-scraper,0,0,0,1
NCH,MV,PicsArt,gp:AOqpTOGy3uLFFVsbCEdsWqWDClc1ZlAR--9Ra_MRzUQkeNatDzdQxnJuc_LhtfRajxBUM9r_M2HXwq8eQlQdcA,,I love it,5,,free,22-Oct-18,NA,npm google-play-store-scraper,0,0,0,1
NCH,MV,PicsArt,gp:AOqpTOGWWt61bJhm2ldo3NfkzD34nr5wI9RYwiKXBUNCqd6XEo-fRYiWvYb6FvR1FzkkA-vOugAZpkUHEi1WkA,,I wqnt,5,,free,20-Oct-18,NA,npm google-play-store-scraper,0,0,0,0
NCH,MV,PicsArt,gp:AOqpTOFe0ANfVtmv0B61WxiOBv1E-2uU9RSDTm4i5KRgHLBXQZAJJ4YRoA_pKfM-XOlTFbV9YoD_BJqvgQa6Yg,,Can i create my own lyrics???,1,it's anne gamer,free,22-Oct-18,NA,npm google-play-store-scraper,0,0,1,0
NCH,MV,PicsArt,gp:AOqpTOGMlFMGj8Dx7Kx0lqvrXJHIivHvHlZd1FNryq0_PDXpHRCqN6Z920lFIDaajoqSFOyQvZdF9c4c8pYq7Q,,#____Awesome___,4,,free,22-Oct-18,NA,npm google-play-store-scraper,0,0,0,1
NCH,MV,PicsArt,gp:AOqpTOHOSTJ4j6wENrxQE4tuk63UtVvah7zqmrhrOqg63SIl5BOmPrHq7Y5QFnd3iAFC3RJWM156dlgjlDhTzw,,gd app,5,,free,22-Oct-18,NA,npm google-play-store-scraper,0,0,0,1
NCH,MV,PicsArt,gp:AOqpTOHNMt5xQKJbm_9U4NLW2hAOhkah2ALTndBRd2RDCUw4T9DK6xVl6ucLF64IoYAUWlKuE19w336F5uCFqA,,It's Great,5,Smiley SieMpr3,free,22-Oct-18,NA,npm google-play-store-scraper,0,0,0,1
NCH,MV,PicsArt,gp:AOqpTOFW4Ca9wyV9JfsziwqpV7fHXURR-j7LQZvpnaR7WGtONEXknL55ecCp1gt6YxGxX09DJkgEFHAa6FCW3g,,Bad app,1,Vinayak Palsule,free,20-Oct-18,NA,npm google-play-store-scraper,0,0,0,1
NCH,MV,PicsArt,gp:AOqpTOFXnNHAp2chIcPAktkmCBFzufXQb0Fqjt7u9PLz2GrOebcGCfqF_IxVWYMTyFdgVl4q8dmTqPRKF7jLCw,,Pic Edit Best apps I like it,4,Deepak Sahu,free,20-Oct-18,NA,npm google-play-store-scraper,0,0,0,1
NCH,MV,PicsArt,gp:AOqpTOHR1mH0Rp4y-cHhHYr6i7CCw8GTRopT6uNu1Vy8uBankERD6WuIypAcPahmqABHn9HXwAayzx824hvtsA,,Very nice,5,,free,22-Oct-18,NA,npm google-play-store-scraper,0,0,0,1
NCH,MV,PicsArt,gp:AOqpTOEDqmkuilNLmW017kmWVmw2Jz9u3MX9Rm3hFewMD6ge-gZcaOr3LJi9ZHPW_K1AF6Icvrj_bGoOB21atQ,,Plzzz install this app,5,,free,23-Oct-18,NA,npm google-play-store-scraper,0,0,0,1
NCH,MV,PicsArt,gp:AOqpTOGhYMzQZMx_uTI3ZKMiqYkfJPkcpqVxaBMZ06vorweORbuXXFrFyaEcMq5XuIXKS-rkO-062la-pDo8gw,,Wast of data and time,1,Zia Zidi,free,21-Oct-18,NA,npm google-play-store-scraper,0,0,0,1
NCH,MV,PicsArt,gp:AOqpTOGF-6SbJDbrXlhCsVHMWGAhwT9bAQVlKrK56oPTGtEVzLYzeC_Tw0PC2WfdDHjH7roXjnaHNUjmzj87fg,,Nice YouTube channel logo center,5,is back,free,21-Oct-18,NA,npm google-play-store-scraper,0,0,0,1
NCH,MV,PicsArt,gp:AOqpTOFQbnVUQpgtdJLFfLubA-QuNeUT6I5-CRNT9QkwQrodRuFZxsRVdOlG4cbzT3fpqosZDMZ3-Er1_BkCbg,,I have been using this app for years absolutely love it. But for some reason when I try to add text to my pics but it freezes my entire phone but other then that great app!!,4,,free,21-Oct-18,NA,npm google-play-store-scraper,0,1,0,0
NCH,MV,PicsArt,gp:AOqpTOFPpL4tl0RMb5tPlEy7V75lFvhM84WzOEnNmXSMxwjNTFy5GZp4o7zZ4hX-ZG_mMTQxtKy5Ou3wIKiVbQ,,Mast,5,,free,21-Oct-18,NA,npm google-play-store-scraper,0,0,0,0
NCH,MV,PicsArt,gp:AOqpTOHZzoRfNMV7eTJY57cL31ABTNdfBhUjuvUVmjERSpgFW2s7h8WlAuhIBcxx0VzqkMi5DtXuytfX1ZPWkQ,,Superrr,5,,free,20-Oct-18,NA,npm google-play-store-scraper,0,0,0,1
NCH,MV,PicsArt,gp:AOqpTOGcRAgqRD8cNf38Ri9WkZi2WC3NJbenqAUHESERz_GpoJH5Z69SKgQmmxjsqE1o2okNepIXjmghljjjBw,,Cool i guess.....,4,·É¶Keddy K√°t·É¶,free,20-Oct-18,NA,npm google-play-store-scraper,0,0,0,1
NCH,MV,PicsArt,gp:AOqpTOEF9HVuihi2KpbwaAMrgZlNmgTuXY7kB208G7_z_I8uy23TYORfyRoluzyzAvktgqaZdtOQDNjudb1rQw,,"This does everything you'll need to edit any photo(s). I just don't need 2 apps that do the same. Only because I'm used to using the other, I'm deleting this one. Again, this is a great app.",4,A J,free,21-Oct-18,NA,npm google-play-store-scraper,0,0,0,1
NCH,MV,PicsArt,gp:AOqpTOGAEEu8skhJgyavUyVEXtwr5VVU7NJGVEpBNqdnayT8GE5tk-GkS8L8Qq7V32MxGw_A1ejN3Vo9kBbB0Q,,I have been using this app since three years and I have always loved it.,5,Makeupxpert,free,23-Oct-18,NA,npm google-play-store-scraper,0,0,0,1
NCH,MV,PicsArt,gp:AOqpTOGeH9oF6Ic6Vy5scB8SMWx0vxh1wSsjkLDT-dcGDbE7DLijIoFAzmMSGmtOBl0Q40SHhYXhPrCBGgG2og,,Iamm berry happy this app is very successful and supper jakassssssssss,5,,free,22-Oct-18,NA,npm google-play-store-scraper,0,0,0,1
NCH,MV,PicsArt,gp:AOqpTOEhrXBX2F3AZtkxkUX8-t2ArVXwjmNnrNymJPSl_CAZhfahE-xB7IfIjiRAI90GAF8iuVYx7Y_smTuM2g,,The ads ahhhhüò•üò•üò±üò±üëπüëπüò°üò°,3,,free,22-Oct-18,NA,npm google-play-store-scraper,1,0,0,0
NCH,MV,PicsArt,gp:AOqpTOFu9gIwQFs2cCFtZGldb-d0mMEtQEd9yUxwolcAn_1wdWmpMxintMC1CxeAhhNho0z-HhDgWWCF1KCyEQ,,it is so good app. i love it so muchüòé,5,,free,21-Oct-18,NA,npm google-play-store-scraper,0,0,0,1
NCH,MV,PicsArt,gp:AOqpTOHz_oF87c74SXPBjfAwSJBf9PB6yTFjzihLsWQ3dp4B5kKTxxUunYj2ubi-6CYmKdwWH3unEk1mG5snpQ,,Super,5,NaNdA KuMaR.N.s,free,23-Oct-18,NA,npm google-play-store-scraper,0,0,0,1
NCH,MV,PicsArt,gp:AOqpTOHHh-1sNS2mR1EU6h1w-HfD26Pfw6b5oCQp1vlJHzDo8TR-OIGVvNqSbehUV7POYGs10YRlIiwGk12ahw,,Vary nice app i useing for youtube vedio uplaoding,5,,free,21-Oct-18,NA,npm google-play-store-scraper,1,0,0,1
NCH,MV,PicsArt,gp:AOqpTOF1FCUf9C12QN6hNvA6z6tH_at_tmuZcfS0C2pqx6chxeqiNMtUXbRprvflwAxMEMvtdzACNKjCjMkLBA,,very nice this app very usefullüòá,5,,free,21-Oct-18,NA,npm google-play-store-scraper,0,0,0,1
NCH,MV,PicsArt,gp:AOqpTOHWPTmDRTj_HVXUTBAZv8Nu4U4Khzkd4xc92vioIBg5jZWIdgK8ioPebHTGc7cJfu1uBHbruEh6o2LNVQ,,really like it,5,,free,21-Oct-18,NA,npm google-play-store-scraper,0,0,0,1
NCH,MV,PicsArt,gp:AOqpTOHfnoOpVQ1MtfLA5ekQBMVY7BLZwDPzxmDFhYUTtHwVSnPsUA9RhPw0ui5bkR4nV3WfEw065_Anp1JI_A,,Good app but not adfree.,3,,free,20-Oct-18,NA,npm google-play-store-scraper,0,0,0,1
NCH,MV,PicsArt,gp:AOqpTOGX_o6RGB8-e9BlzrLtIyr4KFD69CLm9fGJldbF8D0-shOakDaRuFTyuiF5b-4h4rhKILevFh6lT9WOpQ,,"To the owners,,,pliz bring back the timer in PicsArt camera üò´",5,Peet James,free,21-Oct-18,NA,npm google-play-store-scraper,0,0,1,0
NCH,MV,PicsArt,gp:AOqpTOEwAxVFvQQEQG0vi0PT3GI4Qg7ANZZg9GgsOgwUhLymNBRLNJOyRc3dsdL0fAU-ibnyWhiOBuulixltLw,,Best app for editing pic on photos.. Cn be used on professional level,5,Rupa Biswas,free,22-Oct-18,NA,npm google-play-store-scraper,0,0,0,1
NCH,MV,PicsArt,gp:AOqpTOFMQGQcscVzLZ3DNpG6LEonevPyCd1Z54lrtRYgcR0F3C_VbOABjE6QLis0poVKCEsqYs3SnL6XjhK5Mw,,Best,5,,free,22-Oct-18,NA,npm google-play-store-scraper,0,0,0,1
NCH,MV,PicsArt,gp:AOqpTOGX-IkCuMT0881fLYvXU-yiYkf6OKq5PodaDAPRit2JpHVLYRGh0N2L5XKeFBGuzK6n3Zgjep7FGhdfig,,Phone A Edit Korar Jonno Best App Really Awesome,5,Aj Nurul,free,22-Oct-18,NA,npm google-play-store-scraper,0,0,0,1
NCH,MV,PicsArt,gp:AOqpTOHJdGFccw29ObAdCddPf9GFHPoLmwNz8b0-5lunx1VNk5f-UtMAK7rHNL88KrRl8w3seKg1SDaMWErCwQ,,This is very helpful coz i can easily edit my pic,5,,free,21-Oct-18,NA,npm google-play-store-scraper,0,0,0,1
NCH,MV,PicsArt,gp:AOqpTOGqFVrS4By4T6am_JgpB-863pqWuD_8pt8ybYal-4g56rvhJLn_2YTbNi8GpBZocJp4ul8Zth6ie9PQcg,,Simply the BestüíÄ,5,,free,21-Oct-18,NA,npm google-play-store-scraper,0,0,0,1
NCH,MV,PicsArt,gp:AOqpTOHE3jEa4Hls5kR4BdDonnDMHlD-EJDD-zDGG75y0aONT_2Cu102NqExHuF933zZ4fOfGuUoFwYHuAJW5A,,very nice photo editor,5,Adnan Khan,free,21-Oct-18,NA,npm google-play-store-scraper,0,0,0,1
NCH,MV,PicsArt,gp:AOqpTOHR6jlQM9zmYoAkJqd3rTS7LUVknT_EP5C4CbvG1F2GUkM-jVWRUG-R5PaLyr9yW7eXvay4EdbfUSrGhg,,App is good but I cont able to save photos I am getting Ads I am getting vry irritating remove they Add,1,Prabhu Cliford,free,21-Oct-18,NA,npm google-play-store-scraper,1,0,0,1
NCH,MV,PicsArt,gp:AOqpTOEVehTKXrECnAtMBAwio6MwuGfOnOhC1sQ21WaphybvCm0jKOwWFyjOshsxv9KcpfdDx7aoaAPeAJ00hw,,Superb app,1,,free,20-Oct-18,NA,npm google-play-store-scraper,0,0,0,1
NCH,MV,PicsArt,gp:AOqpTOGBR-v_GC15uauTxTEP2rOZMuVMMtHA7TeLS4W80icIT99jdQoy26RAkXthJAsZnWzUeABkKPInetZywg,,Osm but but very very very gOodoododododod,5,,free,23-Oct-18,NA,npm google-play-store-scraper,0,0,0,1
NCH,MV,PicsArt,gp:AOqpTOEzgkO9EPg00vxdV0DVhS0QNl0xbWNDn4rB6jtbEsFFLuY5FQosYAeGWxlf9XJT5R_0tX_cjgCzfrsQag,,It's super fun,5,,free,21-Oct-18,NA,npm google-play-store-scraper,0,0,0,1
NCH,MV,PicsArt,gp:AOqpTOEdILD178omFZQJOkTVOMTcOHFOp4SvuCP81jyZTxUCzTLf4vUOUUuumAL5ndK_yOwGLc5UacZvrN3X6Q,,Love it!!!,5,,free,22-Oct-18,NA,npm google-play-store-scraper,0,0,0,1
NCH,MV,PicsArt,gp:AOqpTOHbABNGIrhR7CestIIdh9NfV2oHaACy51iF9BZhL6BAGQHXDoliRCqvsWeFeGabYMu3zSt04AuTexEWzw,,Everything is GREAT!üòä,5,Slime Channel,free,21-Oct-18,NA,npm google-play-store-scraper,0,0,0,1
NCH,MV,PicsArt,gp:AOqpTOHTpfM2w9y1qmPyqXo9Rx7O5y1oRFJWmj9EPVbzxVY1lFT2XZeB6Qp0j2WP-b38z_0xIb5rXIWDgoYTbw,,I just love itüòç,5,Mona Afreen,free,23-Oct-18,NA,npm google-play-store-scraper,0,0,0,1
NCH,MV,PicsArt,gp:AOqpTOErdATLHcup10t6BZ_S5W2Wmezfr9bBXg5pDttNNAuF8UuzeZcUcz6zFQpXX_bJA8_l6SunytN-cvOc3A,,Superb,5,,free,21-Oct-18,NA,npm google-play-store-scraper,0,0,0,1
NCH,MV,PicsArt,gp:AOqpTOGgkK4KXjqnw8LKwh4cT7Zkh8bZq1Vj-HTq1g1i-k_Ahc4OaRQCh6x5NTTOXZ6rmR8wvHrjrYFmyVYggA,,I like it,5,Tricio Nicolo,free,21-Oct-18,NA,npm google-play-store-scraper,0,0,0,1
NCH,MV,PicsArt,gp:AOqpTOF2VPc2SZcTHE9avC1yEw2yqjDzfy6al1OgKcT-4j59O3R2LWd6x9op3genPgnR4Rn3PIk-_Ly67bPD9Q,,So useful,5,,free,22-Oct-18,NA,npm google-play-store-scraper,0,0,0,1
NCH,MV,PicsArt,gp:AOqpTOGOpIDeZzbJZYrc8OV6ZOabNETF5L2CuzSCkr9ce4S65XNZbgvThOj-JxmEoagyt1x_fUQPpGg0qpLNlw,,Good app,5,,free,20-Oct-18,NA,npm google-play-store-scraper,0,0,0,1
NCH,MV,PicsArt,gp:AOqpTOEm0lyaXv_u0Be-PIx12G35EwJEVsIijwU8MerYuZ_5jq32lsAxIu7GRXh9405WSTJ9nYibalZ6Ui-Tyg,,Great for a fandom editor (such as myself),5,AyItzJay Games,free,20-Oct-18,NA,npm google-play-store-scraper,0,0,0,1
NCH,MV,PicsArt,gp:AOqpTOGl0u3sxO2uoVycpQfR3qymYqVcKDY9gOlw57HY6yYZ3wlXsoS_YdCgHMv8-A3384nPtm33aVV8m621lg,,Good for editing,5,Yashwant Singh Chundawat,free,20-Oct-18,NA,npm google-play-store-scraper,0,0,0,1
NCH,MV,PicsArt,gp:AOqpTOGYxUEEYznsa8oidjGow3siZ5vAz7PhtjvuUpj5ErbinfpQQPM1ZzM9YSe6dv-wN-B23wfxi9GpcTI1bA,,Nice,5,,free,21-Oct-18,NA,npm google-play-store-scraper,0,0,0,1
NCH,MV,PicsArt,gp:AOqpTOG2bgwqxvJeI1cGcfFVyj0E35jgGLBg5kOzukfyUSoAhTjdaxWUAZhPvnon22fwwlzkNj15tTAG-QLbyg,,Wonderful,5,,free,20-Oct-18,NA,npm google-play-store-scraper,0,0,0,1
NCH,MV,PicsArt,gp:AOqpTOFyjlUklyBckqHjSz1jtFitRCSkUcQHjexJtOV-S9rJYFixM5Mq6oUsBQBdanPntA8HbfXq1DoEUYzMgA,,This is Awesome App In World,5,,free,22-Oct-18,NA,npm google-play-store-scraper,0,0,0,1
NCH,MV,PicsArt,gp:AOqpTOH_6d_PAlD3ptN_dUe-DzHNw8cGQgMTnHCfYfNwa4rpvRPAvhrSBR3R9fGCNBfwuSp5jAKSkteYf1c3Mw,,In this app photo are best edit It is best app for editing,5,,free,21-Oct-18,NA,npm google-play-store-scraper,0,0,0,1
NCH,MV,PicsArt,gp:AOqpTOEuOLGMF1vcdJFfIyq0ZlB8xv220x2dqd-WTFZBWDvMqIq9cg64bACgKmf_emSkT9epUNg3scdTXlfHiA,,Good,3,Charan Dama,free,21-Oct-18,NA,npm google-play-store-scraper,0,0,0,1
NCH,MV,PicsArt,gp:AOqpTOGvlcxUNHArKrhXncS1bj_yBt-VfHxdxew9ODUBxIIa-wfvFqnhrb8qF0e80exbQb5f15rlHLQYqpK-hQ,,good editing app,5,,free,21-Oct-18,NA,npm google-play-store-scraper,0,0,0,1
NCH,MV,PicsArt,gp:AOqpTOF4RkbP-hMptmXW_j6sC_R8B2Bw-ROkfXRwIOv7CvVBOI3oZrt14b2IQwi28ZiyOQXy0LEV9kAgTpnRsQ,,the best edit pictures,5,,free,23-Oct-18,NA,npm google-play-store-scraper,0,0,0,1
NCH,MV,PicsArt,gp:AOqpTOEzkDrmIbRpV8ZtKWoc77wbVgdaYQEubq-n6iPWVZ5TssqtiFyeWxpUUOy557qAmqhIz3cLTt_5sLOf5g,,....just make d editing easier,3,,free,22-Oct-18,NA,npm google-play-store-scraper,0,0,0,1
NCH,MV,PicsArt,gp:AOqpTOFRnvGx7Oqt-efEsi-HnDTDOFNa_2uSCsGJyXZ1EDGLDSuAiKZ9Rbi5Tzt3e9-LCe9zM9qOn1pAkZZPfA,,"nice making poster , background editors",5,,free,21-Oct-18,NA,npm google-play-store-scraper,1,0,0,0
NCH,MV,PicsArt,gp:AOqpTOEUTxOm7yPKJmn_zoPGJg4Y-fSbAd7Jm79Dv4U6SkiZquLD5W5Ox5vVhH4ioqNcy7GXCcSWvTQWrSe1ng,,"Quite simply, the best, imo (first app I have ever rated)",5,,free,21-Oct-18,NA,npm google-play-store-scraper,0,0,0,1
NCH,MV,PicsArt,gp:AOqpTOF9_0Q5ix15T2S9BAuHP-bwtiEQM7l5uiMlDJak99njCdgrfIt9uvpxjPYpHV_Ffagtyia20esAnA3h4A,,it's so annoying when I have to save a picture so many times just so it can save on my device! jfc,1,,free,20-Oct-18,NA,npm google-play-store-scraper,1,0,0,0
NCH,MV,PicsArt,gp:AOqpTOHgapeErZb4nRiIOTOd-g3fnau3T6uluIVtFrPWm5cT_od9IZKu7OvOxuL2zqoqAlL7tPPmQ_JSrHvj2w,,üëåüëåüëåüòÅ,5,,free,22-Oct-18,NA,npm google-play-store-scraper,0,0,0,1
NCH,MV,PicsArt,gp:AOqpTOFQYiIEPsHMG9gcYqWLq7zsO8u45nkIGtmuqlgxzaWUwPSEGkkyDxQGHfhV2kaz6dsT2S5bxbBd2geA_A,,I luv this app. I have used it for yrs.,5,Paula Martin,free,20-Oct-18,NA,npm google-play-store-scraper,0,0,0,1
NCH,MV,PicsArt,gp:AOqpTOFDhbcwlTCnZX4BjkCv2v8fWkeVXaGzEmcZVX4RTczY1FLd86hisXrgTp4sf3NC7m8vRs8cFkn8GykcmQ,,Excellent Editor Ever I like to use dis editor only because it has best features and provide much more features,5,,free,20-Oct-18,NA,npm google-play-store-scraper,0,0,0,1
NCH,MV,PicsArt,gp:AOqpTOETE5bVpeM5KBHCaLZhLNcpsIDVs6fE1D6KcqUCta0QdhyJYIfm57nHf3PuR0YDz6JRXOS4JKEgHR2wqg,,I think that a good editer I had ever seen,5,,free,20-Oct-18,NA,npm google-play-store-scraper,0,0,0,1
NCH,MV,PicsArt,gp:AOqpTOFnBJQMVsV-4KuR6O6Bi5asvt5tl2maQJWhkO5D9jT_xlfi1Rrp3Xzmv0Ru4JS1m-ZENH6d0LeTr8s-eQ,,Yo yo,5,,free,21-Oct-18,NA,npm google-play-store-scraper,0,0,0,0
NCH,MV,PicsArt,gp:AOqpTOFRdjcYfJHNPavYHFICyU00CfFwygL5oz0S996bluNn820ZQGlyLgCxNuM3qegRuthK6AObEyWc6V4U_Q,,Super,5,,free,22-Oct-18,NA,npm google-play-store-scraper,0,0,0,1
NCH,MV,PicsArt,gp:AOqpTOEeYduO1ZeVH72krIUhhAqkio56Tav6Wkwf5U8HMg7P7zlx0M1kNhYdm71xwjUdcKN0Pd_ysO7tKpSjaA,,Good,5,Kirsty Andrews,free,21-Oct-18,NA,npm google-play-store-scraper,0,0,0,1
NCH,MV,PicsArt,gp:AOqpTOHPdr_nd8uHdgQIuoVNBNpx0R7GufpaDdNtA81zfCjtoKjyzq3O_wSzNWjo3AM2GHvqLU3WLGAGkraBbg,,awesome,5,,free,20-Oct-18,NA,npm google-play-store-scraper,0,0,0,1
NCH,MV,PicsArt,gp:AOqpTOH3uE62nJFmqjOs8ZvtxejUYfOz_KAUmaybw9fZ4Unkx2a-YVMUuwSOpwfvDMYQeyv3sE6TVvCiK7CUBA,,Nice app,5,,free,22-Oct-18,NA,npm google-play-store-scraper,0,0,0,1
NCH,MV,PicsArt,gp:AOqpTOERsu9eF8GgBeYfhoYyFDcWBO1oBDDHHTbhOoVvOi684GwejyWDmZQP5iNa445wDQERqvNY7kdIUAGXEQ,,Mst,5,,free,22-Oct-18,NA,npm google-play-store-scraper,0,0,0,0
NCH,MV,PicsArt,gp:AOqpTOEa3nuxPmjbPJkDkdnP8LGshYH732JocJlsvdNi-SCHqk8n4PmvgPh2EOeUhjfYBmBLTMcVPnLIW7F56g,,best editing app for me. I make edits of my fav tv shows and stuffs like that and post them on my fan account on insta [[@impractically.fandoms.edxts]] and they all turn out great. the stickers are my fav part üò∏üò∏,5,,free,20-Oct-18,NA,npm google-play-store-scraper,1,0,0,1
NCH,MV,PicsArt,gp:AOqpTOGsa19ssRpXgr8zZzvc6-H-PF-HVF3c3NXtrHbxG9Cda2QGgQyOcNlmQ4V5ZKv0qX8FdLBNpaoEk43IBQ,,Super,5,Nithesh Kumar,free,21-Oct-18,NA,npm google-play-store-scraper,0,0,0,1
NCH,MV,WhatsApp,gp:AOqpTOGzK5ypmJScVd-G4_5JY3kQGnrd0ntohCDkzLiE3lAkYYjZ3N1TkqexLJQ_MDL9LU759XaiBoVPuqHVNWw,,Just love it,5,,free,23-Oct-18,NA,npm google-play-store-scraper,0,0,0,1